is_mit,is_harvard,is_masters,is_phd,is_mba,major_social_scientist,major_scientist,major_engineer,major_business,major_law,major_mathecon,major_art,major_medical,team_id,count_skills,count_honors,count_publications,count_education,years_since_graduation,title_entrepeneur,title_manager,title_consultant,title_engineer,title_student,title_artist,title_assistant,title_other,title_scientist,title_salesman,currently_employed,total_months_experience,prestegious_scipub,skill_class_algorithms,skill_class_communication,skill_class_creative,skill_class_design,skill_class_education,skill_class_engineering,skill_class_finance,skill_class_hard_science,skill_class_hardware,skill_class_health,skill_class_legal,skill_class_life_science,skill_class_management,skill_class_military,skill_class_relationship,skill_class_research,skill_class_software,pic_rating_total,sex,is_md,is_jd,wd_adjective,wd_consumable,wd_delivery,wd_do,wd_education,wd_health,wd_location,wd_market,wd_negatives,wd_our,wd_questions,wd_social,wd_solution,wd_technology,wd_them,wd_time,wd_you,votes_raw,votes_threshold_1min,votes_threshold_2min,votes_threshold_3min,nomination,success,finalist,member_count,topic_children,topic_education,topic_employment,topic_energy,topic_entertainment,topic_finance,topic_food,topic_goods,topic_health,topic_impact,topic_information,topic_social,topic_transportation,POS_dollar,POS_period,pos_adjective,pos_verb,pos_noun,pos_personal_pronoun,pos_adverb,pos_quotes,sent_Verynegative,sent_Negative,sent_Neutral,sent_Positive,sent_Verypositive,language_specific
0,0,1,1,0,0,0,1,0,0,0,0,0,1,21,0,1,2,8,0,1,0,0,0,0,0,0,1,0,1,85,0,0,0,0,0,0,1,0,1,0,0,1,0,0,0,0,0,1,1,1,0,0,2,0,1,7,0,0,0,2,0,1,0,1,1,0,1,1,0,29,10,9,6,0,0,0,2,0,0,0,0,0,0,0,0,0,0,0,0,1,0,6,7,1,20,4,1,0,0,2,1,3,0,5
1,0,0,0,1,0,0,0,1,0,0,0,0,2,27,0,0,3,0,0,1,1,0,1,0,0,0,0,0,1,13,0,0,0,0,0,0,0,0,0,0,0,0,0,1,0,0,0,0,0,1,0,0,1,0,0,4,2,0,0,0,0,1,0,1,0,1,0,0,0,28,9,8,7,0,0,0,3,0,1,0,0,0,0,0,0,0,0,0,0,0,0,3,7,4,18,3,2,0,0,4,0,0,0,1
1,0,1,1,0,0,0,1,0,0,0,0,0,2,14,0,1,5,4,1,1,0,1,0,0,0,0,0,0,1,13,0,1,0,0,0,0,0,0,0,0,0,0,0,0,0,0,0,1,1,1,0,0,1,0,0,4,2,0,0,0,0,1,0,1,0,1,0,0,0,28,9,8,7,0,0,0,3,0,1,0,0,0,0,0,0,0,0,0,0,0,0,3,7,4,18,3,2,0,0,4,0,0,0,1
1,0,0,0,1,0,0,0,1,0,0,0,0,2,19,3,0,5,0,1,0,0,0,0,0,0,0,1,0,0,21,0,0,0,0,0,0,0,1,0,0,0,0,0,1,0,1,0,0,1,1,0,0,1,0,0,4,2,0,0,0,0,1,0,1,0,1,0,0,0,28,9,8,7,0,0,0,3,0,1,0,0,0,0,0,0,0,0,0,0,0,0,3,7,4,18,3,2,0,0,4,0,0,0,1
1,0,0,0,1,0,0,0,1,0,0,0,0,3,15,4,0,4,0,0,0,0,0,1,0,0,0,0,0,0,0,0,0,0,0,0,0,0,0,0,0,0,0,0,1,0,0,0,0,2,0,0,0,1,0,0,3,0,0,1,0,0,1,0,0,0,0,1,0,0,26,10,9,5,0,0,0,3,0,0,0,0,1,0,0,0,0,0,0,0,0,0,3,9,5,13,2,0,0,0,2,0,2,0,0
1,0,0,0,1,0,0,0,1,0,0,0,0,3,14,0,0,3,9,0,1,0,0,1,0,0,0,0,0,1,40,0,0,0,0,0,0,0,0,0,0,0,0,0,1,0,0,0,0,3,1,0,0,1,0,0,3,0,0,1,0,0,1,0,0,0,0,1,0,0,26,10,9,5,0,0,0,3,0,0,0,0,1,0,0,0,0,0,0,0,0,0,3,9,5,13,2,0,0,0,2,0,2,0,0
1,0,0,0,1,0,0,0,1,0,0,0,0,3,25,0,0,3,0,0,1,0,0,1,0,0,0,0,0,1,35,0,0,1,0,0,0,0,0,0,0,0,0,0,1,0,0,0,0,2,1,0,0,1,0,0,3,0,0,1,0,0,1,0,0,0,0,1,0,0,26,10,9,5,0,0,0,3,0,0,0,0,1,0,0,0,0,0,0,0,0,0,3,9,5,13,2,0,0,0,2,0,2,0,0
1,0,0,1,1,0,0,0,1,0,0,0,0,4,17,0,3,4,-1,0,1,1,0,1,0,0,0,0,0,1,53,0,0,0,0,0,0,0,0,0,0,0,0,0,1,0,0,0,0,0,0,0,0,1,0,0,3,0,0,0,0,0,1,0,0,0,2,0,0,0,22,10,6,3,0,0,0,2,0,0,0,0,1,0,0,0,0,0,0,0,0,0,2,7,3,6,1,0,0,0,1,0,1,0,1
1,0,0,0,1,0,0,0,1,0,0,0,0,5,1,0,0,2,1,0,0,0,0,1,0,0,0,1,0,1,35,0,0,0,0,0,0,0,0,0,0,0,0,0,1,0,0,0,0,1,1,0,0,2,0,0,2,0,0,1,1,0,1,0,1,1,1,0,0,0,18,10,7,1,0,0,0,3,0,0,0,0,0,0,0,0,0,0,1,0,0,0,3,8,0,14,1,2,0,0,3,0,0,0,2
1,0,1,0,0,0,0,1,0,0,0,0,0,5,20,0,0,2,-1,1,0,1,1,0,0,0,0,0,0,1,39,0,0,0,0,1,0,0,0,0,0,0,0,0,1,0,0,0,1,0,1,0,0,2,0,0,2,0,0,1,1,0,1,0,1,1,1,0,0,0,18,10,7,1,0,0,0,3,0,0,0,0,0,0,0,0,0,0,1,0,0,0,3,8,0,14,1,2,0,0,3,0,0,0,2
1,0,0,0,0,0,0,0,0,0,1,0,0,6,8,0,0,2,-1,0,0,0,0,1,0,0,0,0,0,1,11,0,0,0,0,0,0,0,0,0,0,0,0,0,0,0,0,0,1,1,0,0,0,4,0,0,3,0,0,0,0,0,0,1,3,0,1,2,0,0,26,9,9,5,0,1,0,3,0,0,0,0,0,0,0,0,0,0,0,1,0,0,4,16,7,8,1,0,0,0,3,1,0,0,1
1,0,0,0,0,0,0,1,0,0,0,0,0,6,14,0,0,1,0,0,0,0,1,1,0,0,0,0,0,0,9,0,0,0,0,0,0,1,0,0,0,0,0,0,0,0,0,0,1,1,0,0,0,4,0,0,3,0,0,0,0,0,0,1,3,0,1,2,0,0,26,9,9,5,0,1,0,3,0,0,0,0,0,0,0,0,0,0,0,1,0,0,4,16,7,8,1,0,0,0,3,1,0,0,1
1,0,0,0,0,0,0,1,0,0,0,0,0,7,19,10,0,2,-2,0,0,0,1,1,0,0,0,0,0,0,8,0,0,1,0,0,0,0,0,0,0,0,0,0,0,0,0,0,1,0,1,0,0,0,0,1,1,0,0,0,0,0,1,0,2,2,1,1,0,0,26,10,9,5,0,0,0,5,0,0,0,0,0,0,0,0,0,0,0,0,1,0,2,2,7,11,1,4,0,0,1,0,1,0,0
0,0,0,0,0,0,0,0,1,0,0,0,0,7,10,0,0,2,-1,1,0,0,0,0,0,0,0,0,0,1,6,0,0,1,0,0,0,0,0,0,0,0,0,0,1,0,0,0,1,0,1,0,0,0,0,1,1,0,0,0,0,0,1,0,2,2,1,1,0,0,26,10,9,5,0,0,0,5,0,0,0,0,0,0,0,0,0,0,0,0,1,0,2,2,7,11,1,4,0,0,1,0,1,0,0
0,0,1,1,0,0,0,1,0,0,0,0,0,8,28,3,0,2,1,1,0,0,1,0,0,0,0,1,0,1,55,0,1,0,0,0,0,0,0,0,0,0,0,0,0,0,0,0,1,1,1,0,0,0,0,0,1,0,0,0,2,0,0,0,0,0,0,0,0,0,20,10,7,3,0,1,0,5,0,0,0,0,0,0,0,0,0,0,0,0,1,1,3,2,1,13,2,1,0,0,2,1,0,0,5
0,0,1,0,0,0,0,1,0,0,0,0,0,8,49,2,0,2,1,0,0,0,0,1,0,0,1,1,0,0,19,0,0,0,0,0,0,1,0,0,0,0,0,1,0,0,0,0,1,0,0,0,0,0,0,0,1,0,0,0,2,0,0,0,0,0,0,0,0,0,20,10,7,3,0,1,0,5,0,0,0,0,0,0,0,0,0,0,0,0,1,1,3,2,1,13,2,1,0,0,2,1,0,0,5
1,0,0,0,1,0,0,0,1,0,0,0,0,8,9,14,2,3,-1,0,1,0,0,1,0,0,0,0,0,1,44,0,1,1,0,1,0,0,0,0,0,0,0,0,0,0,0,0,0,1,0,0,0,0,0,0,1,0,0,0,2,0,0,0,0,0,0,0,0,0,20,10,7,3,0,1,0,5,0,0,0,0,0,0,0,0,0,0,0,0,1,1,3,2,1,13,2,1,0,0,2,1,0,0,5
0,1,1,1,0,0,0,0,0,0,0,0,1,8,20,0,0,2,1,0,0,0,0,1,0,0,0,1,0,1,57,0,1,0,0,0,0,0,0,0,0,0,0,0,0,0,0,0,1,2,0,0,0,0,0,0,1,0,0,0,2,0,0,0,0,0,0,0,0,0,20,10,7,3,0,1,0,5,0,0,0,0,0,0,0,0,0,0,0,0,1,1,3,2,1,13,2,1,0,0,2,1,0,0,5
1,0,1,1,0,0,0,1,0,0,0,0,0,9,30,0,0,3,8,1,0,0,0,0,0,0,0,1,0,1,194,0,0,0,0,0,0,0,0,1,0,0,0,1,0,0,0,0,0,0,1,0,0,0,0,0,0,0,0,0,1,0,1,0,0,0,1,0,0,0,36,10,10,9,0,0,0,3,0,0,0,1,0,0,0,0,0,0,0,0,0,0,5,9,5,8,3,5,0,0,3,1,1,0,0
0,0,1,0,0,1,0,0,0,0,0,0,0,9,16,3,0,2,1,1,0,0,0,0,0,1,0,0,0,1,10,0,0,0,0,0,1,0,0,0,0,0,0,0,1,0,1,1,0,1,1,0,0,0,0,0,0,0,0,0,1,0,1,0,0,0,1,0,0,0,36,10,10,9,0,0,0,3,0,0,0,1,0,0,0,0,0,0,0,0,0,0,5,9,5,8,3,5,0,0,3,1,1,0,0
1,0,0,0,0,0,0,0,1,0,0,0,0,10,7,18,0,2,-2,1,0,0,0,1,0,0,0,0,0,0,23,0,0,0,0,0,0,0,0,0,0,1,0,0,1,0,0,0,0,1,1,0,0,3,0,0,1,1,0,0,2,1,0,0,0,0,1,0,0,1,21,10,7,4,0,0,0,2,0,0,1,0,0,0,0,0,0,0,0,0,0,0,4,5,10,17,0,4,0,0,2,1,1,0,3
1,0,1,0,0,1,0,0,0,0,0,0,0,11,1,0,0,4,0,0,1,0,1,0,1,0,0,0,0,1,34,0,0,0,0,0,0,0,0,0,0,0,0,0,1,0,0,0,0,3,1,0,0,3,0,0,3,0,0,1,0,0,0,0,0,1,0,0,0,0,36,10,10,10,1,0,0,2,0,0,0,0,0,0,0,1,0,0,0,0,0,0,2,14,3,14,0,1,1,0,2,0,0,0,2
1,0,0,0,1,0,0,0,1,0,0,0,0,12,12,4,0,3,-1,1,0,1,1,0,0,0,0,0,0,1,51,0,1,0,0,0,0,0,1,0,0,0,0,0,1,0,0,0,0,2,1,0,0,2,0,0,1,0,1,0,1,0,0,1,1,0,1,1,0,0,28,10,9,6,0,1,0,4,0,0,0,0,0,0,0,1,0,0,0,0,0,0,4,9,2,13,1,2,1,0,0,0,4,0,0
0,1,0,0,1,0,0,0,1,0,0,0,0,12,13,5,0,3,0,0,1,0,1,1,0,0,0,0,0,1,21,0,0,0,0,0,0,0,1,0,0,0,0,0,1,0,0,1,0,2,0,0,0,2,0,0,1,0,1,0,1,0,0,1,1,0,1,1,0,0,28,10,9,6,0,1,0,4,0,0,0,0,0,0,0,1,0,0,0,0,0,0,4,9,2,13,1,2,1,0,0,0,4,0,0
1,0,0,0,1,0,0,0,1,0,0,0,0,13,18,0,0,3,0,1,0,0,0,0,0,0,1,0,0,1,115,0,0,0,0,0,0,0,0,0,0,1,0,0,1,0,0,0,0,0,1,1,0,3,0,0,4,0,1,0,1,1,0,0,1,1,0,0,0,0,29,10,9,7,0,0,0,1,0,0,0,0,0,0,0,0,1,0,0,0,0,1,7,6,2,15,3,2,0,0,3,0,4,0,5
1,0,0,1,1,0,0,0,1,0,0,0,0,14,24,1,0,4,0,0,1,0,0,1,0,0,0,0,0,1,70,0,0,0,0,0,0,1,0,0,0,0,0,0,1,0,0,0,0,0,1,0,0,2,0,0,1,0,1,1,1,1,0,0,5,0,0,3,0,0,24,10,8,5,0,0,0,5,0,0,0,0,0,0,0,0,0,0,0,1,0,0,6,11,3,8,1,4,0,0,2,2,2,0,5
1,0,0,0,1,0,0,0,1,0,0,0,0,14,42,0,0,3,0,1,1,0,1,0,0,0,0,0,0,0,128,0,0,0,0,0,0,0,0,0,0,0,0,0,1,1,0,0,0,1,1,0,0,2,0,0,1,0,1,1,1,1,0,0,5,0,0,3,0,0,24,10,8,5,0,0,0,5,0,0,0,0,0,0,0,0,0,0,0,1,0,0,6,11,3,8,1,4,0,0,2,2,2,0,5
1,0,0,0,1,0,0,0,1,0,0,0,0,14,19,0,0,2,13,0,1,0,0,1,0,0,0,0,0,1,47,0,0,0,0,0,0,0,1,0,0,0,0,0,0,0,0,0,0,0,1,0,0,2,0,0,1,0,1,1,1,1,0,0,5,0,0,3,0,0,24,10,8,5,0,0,0,5,0,0,0,0,0,0,0,0,0,0,0,1,0,0,6,11,3,8,1,4,0,0,2,2,2,0,5
0,0,0,0,1,0,0,0,0,0,1,0,0,15,10,0,0,3,0,0,1,0,0,0,0,0,0,0,0,0,25,0,0,1,0,0,0,0,1,0,0,0,0,0,1,0,0,0,0,2,0,0,0,2,0,1,3,1,0,1,0,0,0,0,1,0,0,0,0,0,24,10,8,4,0,0,0,3,1,0,0,0,0,0,0,0,0,0,0,0,0,0,2,2,2,15,1,0,0,0,1,0,1,0,0
1,0,0,0,1,0,0,0,1,0,0,0,0,15,21,0,4,7,0,0,1,0,0,1,0,0,0,0,0,1,55,0,0,0,0,0,0,0,0,0,0,0,0,0,1,0,1,0,0,0,1,0,0,2,0,1,3,1,0,1,0,0,0,0,1,0,0,0,0,0,24,10,8,4,0,0,0,3,1,0,0,0,0,0,0,0,0,0,0,0,0,0,2,2,2,15,1,0,0,0,1,0,1,0,0
0,0,0,0,0,0,0,1,0,0,0,0,0,16,16,0,2,1,0,0,1,0,1,0,0,0,0,0,0,1,16,0,1,0,0,0,0,0,0,0,0,0,0,0,0,0,0,0,1,1,0,0,0,2,0,0,0,0,2,0,3,0,1,0,0,1,1,1,1,0,27,10,9,7,0,0,0,5,0,0,0,0,0,0,0,0,1,0,0,0,0,1,3,8,1,16,0,1,0,0,3,0,0,0,9
0,0,0,0,0,0,0,1,0,0,0,0,0,16,14,0,0,2,-1,0,0,0,0,1,1,0,0,1,0,1,26,0,0,0,0,0,0,0,0,0,0,0,0,1,0,0,0,0,1,2,1,0,0,2,0,0,0,0,2,0,3,0,1,0,0,1,1,1,1,0,27,10,9,7,0,0,0,5,0,0,0,0,0,0,0,0,1,0,0,0,0,1,3,8,1,16,0,1,0,0,3,0,0,0,9
0,0,0,0,0,0,0,1,0,0,0,0,0,16,32,5,0,2,-1,1,0,0,1,1,0,0,0,0,0,1,31,0,0,0,0,0,0,1,0,0,0,0,0,0,0,0,0,0,1,2,1,0,0,2,0,0,0,0,2,0,3,0,1,0,0,1,1,1,1,0,27,10,9,7,0,0,0,5,0,0,0,0,0,0,0,0,1,0,0,0,0,1,3,8,1,16,0,1,0,0,3,0,0,0,9
1,0,0,0,1,0,0,0,1,0,0,0,0,17,12,0,2,4,0,0,1,1,0,0,0,0,1,0,0,0,0,0,0,0,0,0,0,0,0,1,0,0,0,1,0,0,0,0,0,0,0,0,1,0,0,0,1,0,0,0,2,0,1,0,0,0,2,1,1,0,25,10,8,6,1,0,0,5,0,0,0,0,0,0,0,0,1,0,0,0,0,0,3,12,6,14,1,2,0,0,3,0,0,0,6
1,0,1,1,0,0,1,0,0,0,0,0,0,17,22,0,0,3,8,1,0,0,0,0,0,0,0,1,0,1,76,0,0,0,0,0,0,0,0,1,0,0,0,1,0,0,0,0,0,2,1,0,0,0,0,0,1,0,0,0,2,0,1,0,0,0,2,1,1,0,25,10,8,6,1,0,0,5,0,0,0,0,0,0,0,0,1,0,0,0,0,0,3,12,6,14,1,2,0,0,3,0,0,0,6
0,1,0,0,1,0,0,0,1,0,0,0,0,18,10,0,0,2,0,0,1,1,0,1,0,0,0,0,0,1,35,0,0,0,0,0,0,0,1,0,0,0,0,0,1,0,0,0,0,3,0,0,0,0,0,0,2,0,0,0,1,0,1,0,1,1,1,0,0,0,21,9,8,4,0,0,0,5,0,0,0,0,0,1,0,0,0,0,0,0,0,0,3,11,1,20,1,2,0,0,3,0,0,0,1
1,0,0,0,1,0,0,0,1,0,0,0,0,19,33,0,0,2,1,0,1,0,1,0,0,0,0,0,1,1,146,0,0,0,0,0,0,0,1,0,0,0,0,0,0,0,0,0,0,0,1,0,0,3,0,1,2,0,0,0,0,0,0,0,0,1,0,0,0,0,30,10,9,7,0,1,0,2,0,0,0,0,0,0,0,0,0,0,0,0,1,0,2,6,3,10,0,0,0,0,1,0,1,0,2
1,0,0,0,1,0,0,0,1,0,0,0,0,19,26,0,0,2,1,0,1,0,0,0,0,0,0,0,1,1,166,0,0,0,0,0,0,0,0,0,0,0,0,0,1,0,0,0,0,1,0,0,0,3,0,1,2,0,0,0,0,0,0,0,0,1,0,0,0,0,30,10,9,7,0,1,0,2,0,0,0,0,0,0,0,0,0,0,0,0,1,0,2,6,3,10,0,0,0,0,1,0,1,0,2
1,0,0,0,0,0,0,1,0,0,0,0,0,20,7,3,0,1,-2,0,0,0,0,1,0,0,0,0,0,1,12,0,0,0,0,0,0,0,0,0,0,0,0,0,0,0,0,0,1,0,1,0,0,0,0,0,5,0,0,2,1,1,0,0,2,0,1,1,0,0,22,9,8,3,0,0,0,5,0,0,0,0,0,1,0,0,0,0,0,0,0,1,4,7,3,8,1,4,0,0,2,1,1,0,6
1,0,1,0,0,0,0,1,0,0,0,0,0,20,36,0,0,3,0,0,0,0,1,0,0,0,0,0,0,0,14,0,0,0,0,0,0,0,0,0,0,0,0,0,0,0,0,0,1,0,1,0,0,0,0,0,5,0,0,2,1,1,0,0,2,0,1,1,0,0,22,9,8,3,0,0,0,5,0,0,0,0,0,1,0,0,0,0,0,0,0,1,4,7,3,8,1,4,0,0,2,1,1,0,6
1,0,0,0,0,0,0,1,0,0,0,0,0,20,25,0,0,3,-1,0,0,0,0,1,0,0,0,0,0,0,8,0,1,0,0,0,0,1,0,0,0,0,0,0,0,0,0,0,1,0,1,0,0,0,0,0,5,0,0,2,1,1,0,0,2,0,1,1,0,0,22,9,8,3,0,0,0,5,0,0,0,0,0,1,0,0,0,0,0,0,0,1,4,7,3,8,1,4,0,0,2,1,1,0,6
1,0,0,0,1,0,0,0,1,0,0,0,0,21,25,0,0,2,-1,0,0,1,1,0,0,0,0,0,1,0,34,0,0,0,0,0,0,0,0,0,0,0,0,0,1,0,0,0,0,3,1,0,0,3,0,0,0,0,0,0,3,0,1,0,0,0,0,1,0,0,26,10,8,6,0,0,0,2,0,0,0,0,0,0,0,1,0,0,0,0,0,1,4,9,4,12,1,2,0,0,4,1,0,0,15
1,0,1,0,0,0,0,1,0,0,0,0,0,22,10,0,1,2,0,0,0,0,1,1,0,0,0,1,0,1,47,0,0,0,0,0,0,1,0,0,0,0,0,0,1,0,0,0,1,0,1,0,0,3,0,0,2,1,0,0,2,0,0,2,1,2,1,1,1,0,31,10,10,7,0,1,0,3,0,0,0,0,0,0,0,1,0,0,0,0,0,1,3,7,2,16,0,2,0,0,2,0,1,0,5
0,1,0,0,1,0,0,0,1,0,0,0,0,22,24,0,0,2,0,0,0,0,0,1,0,0,0,1,0,1,39,0,0,1,1,0,0,0,0,0,0,0,0,0,1,0,0,0,0,1,0,0,0,3,0,0,2,1,0,0,2,0,0,2,1,2,1,1,1,0,31,10,10,7,0,1,0,3,0,0,0,0,0,0,0,1,0,0,0,0,0,1,3,7,2,16,0,2,0,0,2,0,1,0,5
1,0,1,0,0,0,0,1,0,0,0,0,0,23,20,0,0,2,4,0,0,0,1,1,0,0,0,0,0,1,51,0,0,0,0,0,0,1,0,0,0,0,0,0,0,0,0,0,1,2,1,0,0,1,0,0,2,0,0,0,0,0,0,0,0,1,3,0,0,0,22,9,7,4,0,0,0,4,0,0,0,0,0,1,0,0,0,0,0,0,0,0,2,9,3,10,2,3,1,0,2,0,0,0,1
0,0,0,0,1,0,0,0,1,0,0,0,0,23,23,0,0,4,-1,0,0,0,1,0,0,0,0,0,0,0,24,0,0,0,0,0,0,0,1,0,0,0,0,0,0,0,0,0,0,1,1,0,0,1,0,0,2,0,0,0,0,0,0,0,0,1,3,0,0,0,22,9,7,4,0,0,0,4,0,0,0,0,0,1,0,0,0,0,0,0,0,0,2,9,3,10,2,3,1,0,2,0,0,0,1
1,0,0,0,1,0,0,0,1,0,0,0,0,23,37,1,0,7,0,0,1,0,0,1,0,0,0,0,0,1,50,0,0,0,0,0,0,0,1,0,0,0,0,0,1,0,0,0,0,3,1,0,0,1,0,0,2,0,0,0,0,0,0,0,0,1,3,0,0,0,22,9,7,4,0,0,0,4,0,0,0,0,0,1,0,0,0,0,0,0,0,0,2,9,3,10,2,3,1,0,2,0,0,0,1
0,0,0,0,1,0,0,0,1,0,0,0,0,23,50,0,0,3,-1,0,0,1,0,1,0,0,0,0,0,1,64,0,1,0,0,0,0,0,0,0,0,0,0,0,1,0,0,0,0,1,1,0,0,1,0,0,2,0,0,0,0,0,0,0,0,1,3,0,0,0,22,9,7,4,0,0,0,4,0,0,0,0,0,1,0,0,0,0,0,0,0,0,2,9,3,10,2,3,1,0,2,0,0,0,1
1,0,0,0,1,0,0,0,1,0,0,0,0,24,10,0,0,4,-1,1,0,0,0,1,1,0,0,0,0,1,69,0,0,0,1,1,0,0,0,0,0,0,0,0,1,0,0,0,0,1,0,0,0,2,0,0,1,0,0,0,0,1,1,0,0,2,1,0,1,0,22,8,8,3,0,0,0,2,0,0,0,0,0,0,0,1,0,0,0,0,0,0,3,11,2,15,1,4,0,0,0,0,2,1,2
0,1,0,0,1,0,0,0,1,0,0,0,0,24,7,0,0,2,3,0,1,0,0,0,0,0,0,0,0,1,22,0,0,0,0,0,0,0,0,0,0,0,1,0,1,0,0,0,0,0,0,0,0,2,0,0,1,0,0,0,0,1,1,0,0,2,1,0,1,0,22,8,8,3,0,0,0,2,0,0,0,0,0,0,0,1,0,0,0,0,0,0,3,11,2,15,1,4,0,0,0,0,2,1,2
1,0,1,1,0,0,1,0,0,0,0,0,0,25,20,4,5,4,-1,0,0,0,0,1,0,0,0,0,0,1,68,2,0,0,0,0,0,0,0,1,0,0,0,0,0,0,0,0,1,0,1,0,0,3,0,0,1,0,0,0,2,0,0,0,0,0,1,0,0,0,23,9,8,3,1,0,0,3,0,0,0,1,0,0,0,0,0,0,0,0,0,0,5,13,0,25,0,1,0,0,3,0,2,0,0
1,0,0,0,1,0,0,0,1,0,0,0,0,25,12,4,0,3,-1,1,0,1,1,0,0,0,0,0,0,1,51,0,1,0,0,0,0,0,1,0,0,0,0,0,1,0,0,0,0,2,1,0,0,3,0,0,1,0,0,0,2,0,0,0,0,0,1,0,0,0,23,9,8,3,1,0,0,3,0,0,0,1,0,0,0,0,0,0,0,0,0,0,5,13,0,25,0,1,0,0,3,0,2,0,0
1,0,0,0,1,0,0,0,1,0,0,0,0,25,16,0,0,3,7,1,1,0,0,0,0,0,1,0,0,1,14,0,0,0,0,0,0,0,0,0,0,0,0,0,1,0,1,0,0,2,0,0,0,3,0,0,1,0,0,0,2,0,0,0,0,0,1,0,0,0,23,9,8,3,1,0,0,3,0,0,0,1,0,0,0,0,0,0,0,0,0,0,5,13,0,25,0,1,0,0,3,0,2,0,0
0,1,1,1,0,0,1,0,0,0,0,0,0,26,26,0,0,2,0,0,0,0,0,1,0,0,1,0,0,1,115,0,0,0,0,0,0,0,0,1,0,0,0,1,0,0,0,1,0,2,1,0,0,1,0,0,2,0,0,0,0,0,1,2,0,0,0,1,2,0,29,10,10,5,1,1,0,2,1,0,0,0,0,0,0,0,0,0,0,0,0,2,3,11,2,14,2,1,0,0,3,0,0,0,8
1,0,1,1,0,0,1,0,0,0,0,0,0,26,15,0,2,3,0,0,0,0,0,0,0,0,0,1,0,0,0,1,1,0,0,0,0,0,0,0,0,0,0,0,1,0,0,1,1,2,1,1,0,1,0,0,2,0,0,0,0,0,1,2,0,0,0,1,2,0,29,10,10,5,1,1,0,2,1,0,0,0,0,0,0,0,0,0,0,0,0,2,3,11,2,14,2,1,0,0,3,0,0,0,8
1,0,0,0,1,0,0,0,1,0,0,0,0,27,37,0,0,3,-1,0,0,0,0,1,0,0,0,0,0,0,9,0,1,1,0,0,0,0,0,0,0,0,0,0,1,0,0,0,0,3,1,0,0,1,0,0,1,0,2,0,1,0,1,1,2,1,3,0,0,0,28,10,9,8,0,0,0,4,0,0,0,0,0,0,0,0,0,0,0,1,0,0,3,4,4,12,2,4,0,0,3,0,0,0,1
1,0,0,0,1,0,0,0,1,0,0,0,0,27,22,0,0,3,-1,0,1,0,0,0,0,0,0,0,0,1,120,0,0,1,0,0,0,0,0,0,0,0,0,0,1,0,0,0,0,3,0,0,0,1,0,0,1,0,2,0,1,0,1,1,2,1,3,0,0,0,28,10,9,8,0,0,0,4,0,0,0,0,0,0,0,0,0,0,0,1,0,0,3,4,4,12,2,4,0,0,3,0,0,0,1
1,0,0,0,1,0,0,0,1,0,0,0,0,27,24,0,1,5,-1,0,0,0,1,1,0,0,0,0,0,1,64,0,0,1,0,0,0,0,0,0,0,0,0,0,0,0,0,0,0,2,0,0,0,1,0,0,1,0,2,0,1,0,1,1,2,1,3,0,0,0,28,10,9,8,0,0,0,4,0,0,0,0,0,0,0,0,0,0,0,1,0,0,3,4,4,12,2,4,0,0,3,0,0,0,1
1,0,1,1,0,0,0,1,0,0,0,0,0,28,28,0,0,4,-1,1,0,0,0,1,0,0,0,0,0,1,144,0,0,0,0,1,0,1,0,0,1,0,0,0,1,0,0,0,0,0,1,0,0,0,0,1,2,0,0,0,0,0,1,0,2,0,4,1,0,1,19,9,5,4,0,0,0,1,0,0,0,0,0,0,0,0,0,0,0,0,1,0,4,4,4,17,1,2,0,0,2,0,2,0,0
1,0,0,0,1,0,0,0,1,0,0,0,0,29,30,0,0,3,0,1,0,0,1,1,0,0,0,0,0,1,37,0,0,1,0,0,0,1,0,0,0,0,0,0,1,0,0,0,1,0,1,0,0,1,0,0,0,0,0,0,2,2,0,1,2,0,2,0,0,1,23,9,7,4,0,0,0,1,0,0,0,0,0,0,0,0,0,0,0,0,1,0,5,4,9,19,2,5,0,0,2,1,2,0,0
1,0,0,0,0,0,0,1,0,0,0,0,0,30,15,0,1,2,-3,0,0,0,1,1,1,0,0,0,0,1,3,0,0,0,1,1,0,0,0,0,0,0,0,0,0,0,0,0,0,3,1,0,0,2,0,0,3,0,0,1,1,1,0,0,1,2,2,1,0,1,32,10,10,8,1,0,0,5,0,0,0,1,0,0,0,0,0,0,0,0,0,0,3,9,3,19,3,1,0,0,0,0,3,0,2
0,0,1,1,0,0,0,1,0,0,0,0,0,30,48,35,0,4,1,1,0,0,0,0,0,0,0,1,0,1,84,0,0,0,0,0,0,1,0,1,0,0,0,0,0,0,0,0,0,1,1,0,0,2,0,0,3,0,0,1,1,1,0,0,1,2,2,1,0,1,32,10,10,8,1,0,0,5,0,0,0,1,0,0,0,0,0,0,0,0,0,0,3,9,3,19,3,1,0,0,0,0,3,0,2
0,1,1,0,0,1,0,0,0,0,0,0,0,32,25,0,1,2,0,1,0,0,0,1,0,0,0,0,0,1,20,0,0,0,1,0,0,0,0,0,0,0,0,0,0,0,0,0,0,0,1,0,0,2,0,0,0,0,0,0,0,0,1,0,0,0,3,2,0,0,22,10,6,3,0,0,0,4,0,0,0,0,0,0,0,1,0,0,0,0,0,0,3,9,2,13,2,0,0,0,2,0,1,0,0
1,0,0,0,1,0,0,0,1,0,0,0,0,32,14,2,0,2,0,0,1,1,0,1,0,0,0,0,0,0,50,0,0,0,0,0,0,0,0,0,0,0,0,0,1,0,0,0,0,1,1,0,0,2,0,0,0,0,0,0,0,0,1,0,0,0,3,2,0,0,22,10,6,3,0,0,0,4,0,0,0,0,0,0,0,1,0,0,0,0,0,0,3,9,2,13,2,0,0,0,2,0,1,0,0
1,0,0,0,1,0,0,0,1,0,0,0,0,32,1,0,0,2,1,0,0,0,0,1,0,0,0,1,0,1,35,0,0,0,0,0,0,0,0,0,0,0,0,0,1,0,0,0,0,2,1,0,0,2,0,0,0,0,0,0,0,0,1,0,0,0,3,2,0,0,22,10,6,3,0,0,0,4,0,0,0,0,0,0,0,1,0,0,0,0,0,0,3,9,2,13,2,0,0,0,2,0,1,0,0
1,0,0,0,1,0,0,0,1,0,0,0,0,33,18,0,0,3,0,0,0,1,0,1,0,0,0,0,0,0,29,0,0,0,0,0,0,0,1,0,0,0,0,0,1,0,0,0,0,3,1,0,0,2,0,0,0,0,0,0,2,1,0,1,0,0,1,0,0,0,20,8,6,4,0,0,0,4,0,0,0,0,0,1,0,0,0,0,0,0,0,0,4,9,2,14,0,4,0,0,3,0,1,0,2
0,0,0,0,0,0,0,1,0,0,0,0,0,33,32,3,0,2,11,1,1,0,0,0,0,0,0,0,1,1,30,0,0,0,0,0,0,0,0,0,0,0,0,0,1,0,0,0,0,0,1,0,0,2,0,0,0,0,0,0,2,1,0,1,0,0,1,0,0,0,20,8,6,4,0,0,0,4,0,0,0,0,0,1,0,0,0,0,0,0,0,0,4,9,2,14,0,4,0,0,3,0,1,0,2
0,0,0,0,0,0,0,1,0,0,0,0,0,33,8,0,0,3,1,0,1,0,1,0,0,0,0,0,0,1,80,0,0,0,0,0,0,0,1,0,0,0,0,0,1,0,0,0,0,0,1,0,0,2,0,0,0,0,0,0,2,1,0,1,0,0,1,0,0,0,20,8,6,4,0,0,0,4,0,0,0,0,0,1,0,0,0,0,0,0,0,0,4,9,2,14,0,4,0,0,3,0,1,0,2
1,0,0,0,1,0,0,0,1,0,0,0,0,34,17,0,1,3,0,1,0,1,1,0,0,0,0,0,0,1,54,0,0,1,0,0,0,0,0,0,0,0,0,0,1,0,0,0,0,3,0,0,0,3,0,0,3,0,0,0,2,0,2,0,3,1,0,0,0,0,31,10,9,7,1,1,0,2,0,0,0,0,0,0,0,0,1,0,0,0,0,1,3,5,4,21,0,6,0,0,3,0,0,0,8
1,0,0,0,1,0,0,0,1,0,0,0,0,35,15,1,0,2,1,1,0,0,0,1,0,0,0,1,0,1,26,0,0,0,0,0,0,0,1,0,0,0,0,0,1,0,0,0,0,2,1,0,0,1,0,0,0,0,0,1,2,1,0,0,1,0,2,0,0,0,18,9,7,2,1,0,1,2,0,0,0,0,0,1,0,0,0,0,0,0,0,0,4,6,6,19,1,6,0,0,4,0,0,0,0
0,0,0,1,1,0,0,1,0,0,0,0,0,35,9,0,0,5,5,1,0,0,1,0,0,0,0,1,0,1,58,0,0,0,0,0,0,1,0,0,0,0,0,0,1,0,0,0,1,1,1,0,0,1,0,0,0,0,0,1,2,1,0,0,1,0,2,0,0,0,18,9,7,2,1,0,1,2,0,0,0,0,0,1,0,0,0,0,0,0,0,0,4,6,6,19,1,6,0,0,4,0,0,0,0
1,0,0,0,0,0,0,1,0,0,0,0,0,36,14,0,0,1,0,0,0,1,0,1,0,0,1,0,0,1,42,0,0,0,0,0,0,1,0,0,0,0,0,0,0,0,0,0,1,0,0,0,0,2,0,0,1,0,1,1,0,0,1,0,0,1,1,0,2,0,34,10,10,9,1,0,0,4,0,0,0,0,0,0,0,0,1,0,0,0,0,0,3,8,3,17,0,4,0,0,3,0,0,0,5
1,0,0,0,0,0,0,1,0,0,0,0,0,36,23,0,0,2,0,0,0,0,0,1,0,0,0,0,0,1,21,0,0,1,1,0,0,0,0,0,0,0,0,0,0,0,0,0,0,2,0,0,0,2,0,0,1,0,1,1,0,0,1,0,0,1,1,0,2,0,34,10,10,9,1,0,0,4,0,0,0,0,0,0,0,0,1,0,0,0,0,0,3,8,3,17,0,4,0,0,3,0,0,0,5
1,0,1,1,0,0,0,1,0,0,0,0,0,36,20,0,1,2,3,0,0,0,0,0,0,0,0,1,0,1,37,0,1,0,0,0,0,0,0,1,0,0,0,1,0,0,0,0,0,0,1,0,0,2,0,0,1,0,1,1,0,0,1,0,0,1,1,0,2,0,34,10,10,9,1,0,0,4,0,0,0,0,0,0,0,0,1,0,0,0,0,0,3,8,3,17,0,4,0,0,3,0,0,0,5
1,0,0,0,1,0,0,0,1,0,0,0,0,37,18,0,0,3,-1,1,0,1,1,0,0,0,0,0,0,1,5,0,0,1,0,0,0,0,0,0,0,0,0,0,1,0,0,0,0,1,1,0,0,0,0,0,1,0,0,0,1,0,1,0,1,0,2,0,0,0,33,10,10,7,0,0,0,4,0,0,0,0,0,0,0,0,0,0,0,1,0,0,4,11,1,13,2,0,0,0,3,0,1,0,4
1,0,0,0,0,1,0,0,0,0,0,0,0,37,11,0,0,3,5,1,0,0,1,1,0,0,0,0,0,0,35,0,1,0,0,0,0,0,0,0,0,0,0,0,0,0,0,0,1,0,1,0,0,0,0,0,1,0,0,0,1,0,1,0,1,0,2,0,0,0,33,10,10,7,0,0,0,4,0,0,0,0,0,0,0,0,0,0,0,1,0,0,4,11,1,13,2,0,0,0,3,0,1,0,4
1,0,0,0,1,0,0,0,1,0,0,0,0,37,26,1,0,2,-1,1,1,1,0,0,0,0,0,0,0,0,13,0,0,1,0,0,0,0,0,0,0,0,0,0,1,0,0,0,0,0,1,0,0,0,0,0,1,0,0,0,1,0,1,0,1,0,2,0,0,0,33,10,10,7,0,0,0,4,0,0,0,0,0,0,0,0,0,0,0,1,0,0,4,11,1,13,2,0,0,0,3,0,1,0,4
1,0,0,0,1,0,0,0,1,0,0,0,0,37,14,0,0,2,-1,1,0,0,1,1,0,0,0,0,0,1,11,0,1,0,0,0,0,0,1,0,0,0,0,0,1,0,0,0,0,1,1,0,0,0,0,0,1,0,0,0,1,0,1,0,1,0,2,0,0,0,33,10,10,7,0,0,0,4,0,0,0,0,0,0,0,0,0,0,0,1,0,0,4,11,1,13,2,0,0,0,3,0,1,0,4
0,0,0,0,1,0,0,0,1,0,0,0,0,38,11,7,0,5,0,0,0,1,0,1,0,0,0,0,0,0,0,0,0,0,0,0,0,0,0,0,0,0,0,0,0,0,0,0,1,1,0,0,0,3,0,0,1,0,0,0,1,1,1,0,0,0,1,0,1,0,33,10,10,8,0,1,0,3,0,0,0,0,0,0,0,0,0,0,0,0,1,0,3,11,3,11,0,2,0,0,2,0,1,0,5
1,0,0,0,1,0,0,0,1,0,0,0,0,39,16,0,0,3,7,1,1,0,0,0,0,0,1,0,0,1,14,0,0,0,0,0,0,0,0,0,0,0,0,0,1,0,1,0,0,2,0,0,0,1,0,0,2,1,0,0,0,1,0,0,0,0,1,1,0,0,22,9,7,4,0,0,0,2,0,1,0,0,0,0,0,0,0,0,0,0,0,0,2,7,3,19,0,2,0,0,2,0,1,0,0
1,0,0,0,1,0,0,0,1,0,0,0,0,39,15,0,0,2,0,0,0,1,1,1,0,0,0,0,0,1,80,0,0,0,0,0,0,0,1,0,0,0,0,0,0,0,0,0,0,1,1,0,0,1,0,0,2,1,0,0,0,1,0,0,0,0,1,1,0,0,22,9,7,4,0,0,0,2,0,1,0,0,0,0,0,0,0,0,0,0,0,0,2,7,3,19,0,2,0,0,2,0,1,0,0
1,0,0,0,1,0,0,0,1,0,0,0,0,40,9,1,0,2,-1,0,1,0,0,1,0,0,0,0,0,1,43,0,0,0,0,0,0,0,0,0,0,0,0,0,1,0,0,0,1,1,1,0,0,5,0,0,0,0,0,0,1,0,2,0,0,1,1,0,0,0,30,10,9,6,1,0,0,3,0,0,0,0,0,0,0,1,0,0,0,0,0,1,3,11,4,19,2,2,0,0,0,0,3,0,3
1,0,0,0,1,0,0,0,1,0,0,0,0,41,11,0,0,2,0,1,0,0,1,1,0,0,0,0,0,1,98,0,0,1,0,0,0,0,0,0,0,0,0,0,1,0,0,0,1,2,1,0,0,2,0,0,1,0,1,0,0,1,1,1,0,1,1,0,1,0,23,10,7,5,0,0,0,3,0,0,0,0,0,0,0,1,0,0,0,0,0,0,5,3,1,4,1,4,0,0,2,1,2,0,1
0,0,1,0,0,1,0,0,0,0,0,0,0,41,18,0,0,3,5,0,1,0,0,0,0,0,1,0,0,1,6,0,0,1,0,1,0,0,0,0,0,0,1,0,0,0,0,1,0,0,1,0,0,2,0,0,1,0,1,0,0,1,1,1,0,1,1,0,1,0,23,10,7,5,0,0,0,3,0,0,0,0,0,0,0,1,0,0,0,0,0,0,5,3,1,4,1,4,0,0,2,1,2,0,1
0,0,1,0,0,1,0,0,0,0,0,0,0,41,7,0,0,3,3,0,1,0,0,0,0,0,0,0,0,1,4,0,0,0,0,0,0,0,0,0,1,0,0,0,0,0,0,0,0,0,1,0,0,2,0,0,1,0,1,0,0,1,1,1,0,1,1,0,1,0,23,10,7,5,0,0,0,3,0,0,0,0,0,0,0,1,0,0,0,0,0,0,5,3,1,4,1,4,0,0,2,1,2,0,1
1,0,0,0,0,0,0,1,0,0,0,0,0,42,38,16,0,3,-1,0,1,0,0,0,1,0,0,0,0,1,37,0,0,0,0,0,0,0,0,0,1,0,0,0,0,0,0,1,1,2,1,0,0,4,0,0,4,0,0,0,4,1,0,2,3,1,3,1,0,0,23,9,7,5,1,1,0,4,0,0,0,0,0,0,0,0,0,1,0,0,0,0,3,4,5,8,2,0,0,0,2,0,1,0,2
0,1,0,0,1,0,0,0,0,0,0,0,1,42,27,4,0,5,0,0,1,0,0,0,0,0,1,1,0,0,160,0,0,0,0,0,0,0,1,0,0,0,0,0,1,0,0,0,0,0,1,0,0,4,0,0,4,0,0,0,4,1,0,2,3,1,3,1,0,0,23,9,7,5,1,1,0,4,0,0,0,0,0,0,0,0,0,1,0,0,0,0,3,4,5,8,2,0,0,0,2,0,1,0,2
1,0,0,0,0,0,0,1,0,0,0,0,0,43,14,2,0,2,0,0,0,0,0,1,0,0,0,0,0,0,11,0,0,0,0,0,0,1,0,0,0,0,0,0,0,0,1,0,1,1,1,0,0,3,1,0,0,0,0,0,1,1,1,2,1,1,1,1,0,2,26,10,7,6,0,0,0,4,0,0,0,0,1,0,0,0,0,0,0,0,0,0,5,7,5,11,4,4,0,0,2,1,2,0,0
1,0,0,0,1,0,0,0,1,0,0,0,0,44,21,1,3,3,-1,1,1,0,0,0,0,1,0,0,0,1,90,0,0,1,0,0,0,0,0,0,0,0,1,0,0,0,1,0,1,2,1,0,0,3,0,0,2,1,0,0,3,1,0,1,1,0,3,0,0,0,23,10,7,4,0,1,0,2,0,1,0,0,0,0,0,0,0,0,0,0,0,0,3,8,2,17,0,4,0,0,3,0,0,0,6
1,0,0,0,1,0,0,0,1,0,0,0,0,45,16,0,0,4,0,0,0,0,1,1,0,0,0,0,0,0,18,0,0,0,0,0,0,0,1,0,0,0,0,0,1,0,0,0,0,3,1,0,0,2,0,0,2,0,0,0,0,1,0,0,0,0,1,2,1,0,26,10,10,5,1,1,0,5,0,0,0,0,0,0,0,0,1,0,0,0,0,0,3,8,2,14,3,2,0,0,1,1,1,0,0
1,0,1,1,0,0,0,1,0,0,0,0,0,45,14,0,4,5,-2,0,0,0,0,1,0,0,1,1,0,1,27,0,1,0,0,0,0,0,0,0,0,0,0,0,0,0,0,0,1,2,1,0,0,2,0,0,2,0,0,0,0,1,0,0,0,0,1,2,1,0,26,10,10,5,1,1,0,5,0,0,0,0,0,0,0,0,1,0,0,0,0,0,3,8,2,14,3,2,0,0,1,1,1,0,0
0,1,1,1,0,0,0,1,0,0,0,0,0,45,41,0,5,5,3,0,0,0,0,1,0,0,0,1,0,1,76,0,1,0,1,0,0,0,0,1,0,0,0,0,0,0,0,0,0,0,1,0,0,2,0,0,2,0,0,0,0,1,0,0,0,0,1,2,1,0,26,10,10,5,1,1,0,5,0,0,0,0,0,0,0,0,1,0,0,0,0,0,3,8,2,14,3,2,0,0,1,1,1,0,0
0,0,1,1,0,0,0,0,0,0,0,0,1,45,10,0,0,3,1,0,0,0,0,1,0,0,0,1,0,1,61,0,0,0,0,0,0,0,0,0,0,0,0,1,0,0,0,0,0,2,1,0,0,2,0,0,2,0,0,0,0,1,0,0,0,0,1,2,1,0,26,10,10,5,1,1,0,5,0,0,0,0,0,0,0,0,1,0,0,0,0,0,3,8,2,14,3,2,0,0,1,1,1,0,0
1,0,0,0,1,0,0,0,1,0,0,0,0,46,23,8,5,5,-1,0,0,0,0,1,0,0,1,0,0,1,41,0,0,0,0,0,0,0,0,0,0,1,1,0,0,0,0,0,0,2,1,1,0,2,0,0,1,0,0,0,0,1,0,0,0,0,1,0,1,0,22,9,7,4,0,0,0,5,0,0,0,0,0,0,0,0,1,0,0,0,0,0,3,11,4,13,0,4,0,0,2,0,1,0,0
1,0,1,0,0,0,0,1,0,0,0,0,0,46,19,0,3,2,7,0,0,0,0,0,0,0,0,1,0,1,42,0,0,1,0,0,0,1,0,1,0,0,0,0,0,0,0,0,0,1,1,0,0,2,0,0,1,0,0,0,0,1,0,0,0,0,1,0,1,0,22,9,7,4,0,0,0,5,0,0,0,0,0,0,0,0,1,0,0,0,0,0,3,11,4,13,0,4,0,0,2,0,1,0,0
1,0,1,1,0,0,0,1,0,0,0,0,0,46,36,5,22,3,4,0,0,0,0,1,0,0,0,1,0,1,53,0,1,0,0,0,0,1,0,0,0,0,0,1,0,0,0,0,0,2,1,0,0,2,0,0,1,0,0,0,0,1,0,0,0,0,1,0,1,0,22,9,7,4,0,0,0,5,0,0,0,0,0,0,0,0,1,0,0,0,0,0,3,11,4,13,0,4,0,0,2,0,1,0,0
1,0,1,1,0,0,0,1,0,0,0,0,0,46,28,0,0,3,11,0,0,0,0,0,0,0,0,1,0,1,34,0,0,0,0,0,0,0,0,0,0,1,0,0,0,0,0,0,0,1,1,1,0,2,0,0,1,0,0,0,0,1,0,0,0,0,1,0,1,0,22,9,7,4,0,0,0,5,0,0,0,0,0,0,0,0,1,0,0,0,0,0,3,11,4,13,0,4,0,0,2,0,1,0,0
1,0,1,0,0,0,0,1,0,0,0,0,0,47,10,2,0,2,0,0,0,0,0,1,0,0,1,1,0,1,57,0,0,0,0,1,0,0,0,0,0,0,0,0,0,0,1,0,1,2,1,0,0,3,0,0,3,0,0,1,4,1,1,0,0,1,1,0,1,0,24,10,7,5,0,0,0,2,0,0,0,0,0,0,0,0,0,1,0,0,0,0,3,10,3,21,0,1,0,1,2,1,0,0,3
1,0,1,1,0,0,0,1,0,0,0,0,0,47,25,4,7,3,2,0,0,0,0,1,0,0,1,1,0,1,74,0,0,1,1,0,0,0,0,1,0,0,0,0,0,0,0,1,0,2,1,0,0,3,0,0,3,0,0,1,4,1,1,0,0,1,1,0,1,0,24,10,7,5,0,0,0,2,0,0,0,0,0,0,0,0,0,1,0,0,0,0,3,10,3,21,0,1,0,1,2,1,0,0,3
1,0,0,1,1,0,0,0,1,0,0,0,0,48,50,0,0,3,0,0,1,0,0,1,0,0,0,0,0,1,96,0,0,0,0,1,0,0,0,0,0,0,0,1,0,0,0,1,0,2,1,0,0,2,0,0,3,0,1,1,2,0,0,0,3,2,3,0,0,0,21,10,8,3,1,0,0,4,0,0,0,0,0,0,0,0,0,0,0,1,0,0,4,14,0,16,0,1,0,0,3,1,0,0,6
1,0,1,1,0,0,0,1,0,0,0,0,0,48,20,0,0,4,2,0,0,0,0,0,0,0,0,1,0,1,107,0,1,0,0,0,0,0,0,0,0,0,0,0,0,0,0,0,1,3,1,0,0,2,0,0,3,0,1,1,2,0,0,0,3,2,3,0,0,0,21,10,8,3,1,0,0,4,0,0,0,0,0,0,0,0,0,0,0,1,0,0,4,14,0,16,0,1,0,0,3,1,0,0,6
1,0,0,0,1,0,0,0,1,0,0,0,0,48,14,0,0,4,0,0,1,1,0,1,0,0,0,0,0,1,156,0,0,1,0,0,0,0,0,0,0,0,0,0,1,0,1,0,0,1,0,0,0,2,0,0,3,0,1,1,2,0,0,0,3,2,3,0,0,0,21,10,8,3,1,0,0,4,0,0,0,0,0,0,0,0,0,0,0,1,0,0,4,14,0,16,0,1,0,0,3,1,0,0,6
1,0,1,1,0,0,0,1,0,0,0,0,0,49,6,0,0,2,-1,0,0,0,0,0,0,0,0,1,0,0,30,0,1,0,0,0,0,1,0,0,0,0,0,0,0,0,0,0,1,3,1,0,0,1,0,0,3,0,0,0,1,0,1,2,2,0,3,3,0,0,23,8,8,5,0,1,0,3,0,0,0,0,0,0,0,1,0,0,0,0,0,0,4,8,4,10,3,1,0,0,2,0,2,0,0
1,0,1,1,0,0,0,1,0,0,0,0,0,49,31,9,10,3,-1,0,0,1,0,0,0,0,0,1,0,1,79,0,1,0,0,0,0,0,0,0,0,0,0,0,0,0,0,0,1,3,1,0,0,1,0,0,3,0,0,0,1,0,1,2,2,0,3,3,0,0,23,8,8,5,0,1,0,3,0,0,0,0,0,0,0,1,0,0,0,0,0,0,4,8,4,10,3,1,0,0,2,0,2,0,0
1,0,0,0,1,0,0,0,1,0,0,0,0,50,22,0,1,4,0,0,1,1,0,1,0,0,0,0,0,1,59,0,1,0,0,0,0,1,0,0,0,0,0,0,1,0,0,0,0,2,1,0,0,3,0,0,2,0,0,1,3,1,1,0,6,0,0,2,0,0,23,10,8,4,0,0,0,4,0,0,0,0,0,0,0,0,0,0,0,1,0,0,4,6,3,14,5,2,0,0,1,0,3,0,2
1,0,0,0,1,0,0,0,1,0,0,0,0,51,38,0,0,10,0,0,1,0,0,1,0,0,0,0,0,1,60,0,0,0,0,0,0,0,0,1,0,0,0,0,1,1,0,0,0,1,1,0,0,3,0,0,2,0,0,0,1,0,1,0,0,0,1,1,1,0,29,10,10,7,1,0,0,3,0,0,0,1,0,0,0,0,0,0,0,0,0,2,4,6,5,15,0,2,0,0,2,0,2,0,15
1,0,1,1,0,0,0,1,0,0,0,0,0,52,21,0,1,4,-2,1,0,0,0,0,0,0,1,1,0,1,58,0,0,0,0,0,0,0,0,1,0,0,0,1,0,0,0,0,0,1,1,0,0,0,0,0,1,0,2,0,2,0,1,0,0,0,2,0,0,0,29,10,9,7,1,1,0,4,0,0,0,0,0,0,0,0,1,0,0,0,0,1,4,10,0,14,0,1,0,0,4,0,0,0,8
0,1,1,1,0,0,0,0,0,0,0,0,1,52,20,0,8,2,3,0,0,0,0,0,0,0,0,1,1,1,119,1,0,0,0,0,0,0,0,1,1,0,0,1,0,0,0,0,0,1,0,0,0,0,0,0,1,0,2,0,2,0,1,0,0,0,2,0,0,0,29,10,9,7,1,1,0,4,0,0,0,0,0,0,0,0,1,0,0,0,0,1,4,10,0,14,0,1,0,0,4,0,0,0,8
1,0,0,0,1,0,0,0,1,0,0,0,0,53,21,0,4,7,0,0,1,0,0,1,0,0,0,0,0,1,55,0,0,0,0,0,0,0,0,0,0,0,0,0,1,0,1,0,0,0,1,0,0,2,0,0,1,0,0,0,0,0,1,0,1,0,1,0,0,1,25,9,9,5,0,0,0,5,0,0,0,1,0,0,0,0,0,0,0,0,0,0,3,6,6,17,7,2,0,0,4,0,0,0,1
1,0,1,0,0,1,0,0,0,0,0,0,0,54,21,0,0,2,0,0,0,0,1,1,0,0,0,1,0,1,29,0,1,0,0,0,0,0,0,1,0,0,1,0,1,0,0,0,0,11,0,0,0,1,0,0,1,0,0,1,3,1,1,0,0,0,1,0,0,0,18,10,6,2,0,0,0,2,0,0,0,1,0,0,0,0,0,0,0,0,0,1,4,5,3,23,0,4,0,0,4,0,0,0,5
1,0,0,0,1,0,0,0,1,0,0,0,0,54,9,0,0,2,-1,1,0,0,1,0,0,0,0,0,0,1,33,0,1,0,0,0,0,0,1,0,0,0,0,0,1,0,0,0,0,3,1,0,0,1,0,0,1,0,0,1,3,1,1,0,0,0,1,0,0,0,18,10,6,2,0,0,0,2,0,0,0,1,0,0,0,0,0,0,0,0,0,1,4,5,3,23,0,4,0,0,4,0,0,0,5
1,0,1,1,0,0,0,1,0,0,0,0,0,55,10,0,0,2,0,1,0,0,0,0,0,0,0,0,0,0,75,0,0,0,0,0,0,0,0,0,0,0,0,0,1,0,0,0,1,2,1,0,0,1,0,0,0,0,1,0,1,0,0,0,0,1,0,3,0,0,24,10,8,5,0,0,0,3,0,0,0,0,0,0,0,1,0,0,0,0,0,0,3,9,1,17,4,2,0,0,3,0,0,0,1
1,0,1,0,0,0,0,1,0,0,0,0,0,55,31,0,0,2,2,0,0,0,1,0,0,0,0,1,0,1,49,0,0,0,0,1,0,0,0,1,0,0,0,0,0,0,0,0,1,2,1,0,0,1,0,0,0,0,1,0,1,0,0,0,0,1,0,3,0,0,24,10,8,5,0,0,0,3,0,0,0,0,0,0,0,1,0,0,0,0,0,0,3,9,1,17,4,2,0,0,3,0,0,0,1
1,0,1,0,0,0,0,1,0,0,0,0,0,55,50,0,0,2,3,0,0,0,0,1,0,0,0,1,0,1,63,0,1,0,0,0,0,0,0,1,1,0,0,0,0,0,0,0,1,1,0,0,0,1,0,0,0,0,1,0,1,0,0,0,0,1,0,3,0,0,24,10,8,5,0,0,0,3,0,0,0,0,0,0,0,1,0,0,0,0,0,0,3,9,1,17,4,2,0,0,3,0,0,0,1
1,0,0,0,1,0,0,0,1,0,0,0,0,57,19,0,0,4,-1,0,0,1,0,1,0,1,0,0,0,1,98,0,0,0,0,0,0,0,0,1,0,0,1,0,0,0,0,0,0,2,1,0,0,3,0,0,2,2,0,0,1,0,0,0,1,0,0,0,1,0,32,10,9,7,1,1,0,5,0,0,0,0,0,1,0,0,0,0,0,0,0,1,2,6,6,28,1,2,0,0,3,0,0,0,4
1,0,0,0,1,0,0,0,1,0,0,0,0,57,37,2,0,5,-1,0,1,0,0,1,0,0,0,0,0,1,42,0,0,0,0,0,0,0,0,0,0,0,0,0,1,0,0,0,0,3,0,0,0,3,0,0,2,2,0,0,1,0,0,0,1,0,0,0,1,0,32,10,9,7,1,1,0,5,0,0,0,0,0,1,0,0,0,0,0,0,0,1,2,6,6,28,1,2,0,0,3,0,0,0,4
1,0,0,0,1,0,0,0,1,0,0,0,0,57,7,0,0,2,-1,0,0,0,1,0,0,0,0,0,0,0,38,0,1,0,0,0,0,0,0,0,0,0,0,0,1,0,0,0,0,3,1,0,0,3,0,0,2,2,0,0,1,0,0,0,1,0,0,0,1,0,32,10,9,7,1,1,0,5,0,0,0,0,0,1,0,0,0,0,0,0,0,1,2,6,6,28,1,2,0,0,3,0,0,0,4
1,0,0,0,1,0,0,0,1,0,0,0,0,57,8,0,0,3,-1,0,0,0,1,1,0,0,0,0,0,1,74,0,0,0,0,0,0,0,1,0,0,0,0,0,0,0,0,0,0,2,1,0,0,3,0,0,2,2,0,0,1,0,0,0,1,0,0,0,1,0,32,10,9,7,1,1,0,5,0,0,0,0,0,1,0,0,0,0,0,0,0,1,2,6,6,28,1,2,0,0,3,0,0,0,4
1,0,0,0,0,0,0,1,0,0,0,0,0,58,24,0,0,2,-1,1,0,0,1,1,0,0,0,0,0,1,39,0,0,0,0,0,0,0,0,0,0,0,0,0,1,0,1,0,0,1,1,0,0,2,0,1,2,1,0,0,0,0,0,0,4,1,1,1,0,1,25,9,9,6,0,1,0,3,0,0,0,0,0,0,0,0,0,0,0,1,0,0,5,12,3,11,3,4,0,0,3,2,0,0,1
1,0,1,1,0,0,1,0,0,0,0,0,0,59,12,6,1,2,-1,0,0,0,0,0,0,0,1,1,0,1,53,0,0,0,0,0,0,0,0,1,0,0,0,1,0,0,0,0,1,2,1,0,0,2,0,0,1,0,0,0,1,0,1,0,0,2,1,1,0,0,20,9,7,3,0,0,0,2,0,0,0,0,0,1,0,0,0,0,0,0,0,0,3,11,1,14,2,0,1,0,3,0,0,0,1
1,0,1,0,0,0,0,1,0,0,0,0,0,60,21,0,1,2,2,0,0,0,0,1,0,0,0,0,0,0,68,0,0,0,0,1,0,1,0,0,0,0,0,0,0,0,0,0,0,0,1,0,0,1,0,0,1,0,0,1,1,2,0,2,1,0,0,1,0,2,19,10,7,2,0,0,0,2,0,0,0,0,0,0,0,0,0,0,0,0,1,0,7,4,8,6,4,5,0,0,4,2,1,0,0
1,0,0,0,1,0,0,0,1,0,0,0,0,61,8,2,0,3,-1,1,1,1,0,0,0,0,0,0,0,0,60,0,1,0,0,0,0,0,1,0,0,0,0,0,1,0,0,0,0,3,1,0,0,5,0,0,2,0,0,0,2,0,0,0,0,1,0,2,0,0,17,9,3,2,0,0,0,4,0,0,0,0,0,1,0,0,0,0,0,0,0,1,6,5,2,23,4,2,0,0,5,0,1,0,6
1,0,0,0,1,0,0,0,1,0,0,0,0,61,14,0,0,3,-1,1,0,1,0,0,0,0,0,0,0,1,112,0,0,0,0,0,0,0,1,0,0,0,0,0,1,0,0,0,0,0,1,0,0,5,0,0,2,0,0,0,2,0,0,0,0,1,0,2,0,0,17,9,3,2,0,0,0,4,0,0,0,0,0,1,0,0,0,0,0,0,0,1,6,5,2,23,4,2,0,0,5,0,1,0,6
1,0,1,1,0,0,1,0,0,0,0,0,0,62,35,0,0,3,4,0,0,0,0,1,0,0,0,1,0,1,142,0,0,0,0,0,0,0,0,1,0,0,0,0,0,0,0,0,0,1,0,0,0,1,0,0,1,0,0,0,2,0,0,0,1,0,0,0,0,0,26,10,8,6,1,0,0,5,0,0,0,0,0,0,0,1,0,0,0,0,0,2,3,3,3,17,1,1,0,0,3,0,0,0,9
0,0,0,0,1,0,0,0,1,0,0,0,0,62,24,1,0,4,1,0,1,1,0,0,0,0,0,0,0,1,106,0,0,0,0,0,0,0,0,0,0,0,0,0,1,0,0,0,0,1,1,0,0,1,0,0,1,0,0,0,2,0,0,0,1,0,0,0,0,0,26,10,8,6,1,0,0,5,0,0,0,0,0,0,0,1,0,0,0,0,0,2,3,3,3,17,1,1,0,0,3,0,0,0,9
1,0,1,0,0,0,0,1,0,0,0,0,0,63,19,4,0,4,-1,1,1,0,0,1,0,0,0,0,0,1,12,0,0,0,0,0,0,1,0,0,0,0,0,0,1,0,0,0,0,2,1,0,0,4,0,2,3,0,0,0,0,0,0,1,1,1,0,0,0,2,24,10,6,6,1,0,0,3,0,0,0,0,0,0,0,0,0,0,0,0,1,0,5,5,4,21,5,5,0,0,4,0,1,0,2
1,0,0,0,0,0,1,0,0,0,0,0,0,63,20,0,0,1,0,0,0,0,1,0,0,0,0,1,0,0,15,0,1,0,0,0,0,1,0,1,0,0,0,0,0,0,0,0,1,1,0,0,0,4,0,2,3,0,0,0,0,0,0,1,1,1,0,0,0,2,24,10,6,6,1,0,0,3,0,0,0,0,0,0,0,0,0,0,0,0,1,0,5,5,4,21,5,5,0,0,4,0,1,0,2
0,0,0,0,1,0,0,0,1,0,0,0,0,64,32,0,0,3,2,1,0,1,1,0,0,0,0,0,0,1,17,0,1,0,0,0,0,0,0,0,0,0,0,0,1,0,1,0,0,3,1,0,0,2,0,0,3,0,0,0,3,0,1,0,1,1,1,0,0,0,17,9,6,2,0,0,0,3,0,0,0,0,0,0,1,0,0,0,0,0,0,1,6,8,3,13,3,3,0,0,1,1,4,0,6
1,0,0,0,1,1,0,0,0,0,0,0,0,66,10,3,0,6,0,0,0,0,0,0,0,0,0,0,1,0,53,0,0,1,0,0,0,0,0,0,0,0,0,0,1,0,0,0,0,3,0,0,0,1,0,0,0,1,0,1,2,0,1,0,1,0,1,1,0,0,22,10,7,4,0,0,0,3,0,0,0,0,1,0,0,0,0,0,0,0,0,1,4,8,3,15,1,1,0,0,2,0,2,0,3
1,0,0,0,1,0,0,0,1,0,0,0,0,67,13,0,0,2,0,0,1,1,0,1,0,0,0,0,0,1,42,0,0,0,0,0,0,0,0,0,0,0,0,0,1,0,0,0,0,1,1,0,0,2,0,0,2,0,0,0,3,0,1,0,0,1,3,0,1,0,28,10,9,5,1,1,0,3,0,0,0,0,0,0,0,0,1,0,0,0,0,1,4,8,3,23,0,1,0,0,3,0,1,0,4
1,0,1,1,0,0,1,0,0,0,0,0,0,67,26,0,1,2,-2,0,0,0,1,1,0,0,0,0,0,1,53,0,0,0,0,0,0,0,0,1,0,0,0,1,0,0,0,0,1,2,1,0,0,2,0,0,2,0,0,0,3,0,1,0,0,1,3,0,1,0,28,10,9,5,1,1,0,3,0,0,0,0,0,0,0,0,1,0,0,0,0,1,4,8,3,23,0,1,0,0,3,0,1,0,4
1,0,1,1,0,0,0,0,0,0,1,0,0,68,14,0,0,3,9,0,0,0,1,0,0,0,1,1,0,1,31,0,1,0,0,1,0,1,0,0,0,0,0,0,0,0,0,0,0,3,0,0,0,0,0,0,3,0,0,1,0,0,2,0,1,1,3,0,0,0,26,10,7,5,0,0,0,3,0,0,0,0,0,0,0,0,0,0,1,0,0,0,3,8,2,16,1,1,0,0,3,0,1,0,6
1,0,0,0,1,0,0,0,1,0,0,0,0,68,16,0,0,3,7,1,1,0,0,0,0,0,1,0,0,1,14,0,0,0,0,0,0,0,0,0,0,0,0,0,1,0,1,0,0,2,0,0,0,0,0,0,3,0,0,1,0,0,2,0,1,1,3,0,0,0,26,10,7,5,0,0,0,3,0,0,0,0,0,0,0,0,0,0,1,0,0,0,3,8,2,16,1,1,0,0,3,0,1,0,6
1,0,0,0,1,0,0,0,1,0,0,0,0,69,20,0,0,3,-1,1,0,0,0,0,0,0,0,0,0,1,99,0,0,1,0,0,0,0,0,1,0,0,0,0,1,0,0,0,0,2,1,0,0,1,0,0,3,0,0,1,0,0,0,0,0,1,3,2,0,0,30,10,9,7,0,1,0,3,0,0,0,0,0,0,0,0,0,0,0,1,0,0,6,7,3,14,2,3,0,0,3,1,2,0,7
1,0,1,0,0,1,0,0,0,0,0,0,0,70,50,13,1,3,0,0,0,0,1,1,0,0,0,1,0,1,25,0,0,1,0,1,0,1,0,0,0,0,0,0,0,0,0,0,1,0,0,0,0,1,0,0,2,0,0,0,0,0,0,0,0,0,5,0,0,0,27,10,9,4,0,0,0,2,0,0,0,0,0,0,0,0,0,0,1,0,0,0,3,9,0,12,0,1,0,0,3,0,0,0,0
1,0,0,0,1,0,0,0,1,0,0,0,0,70,7,0,1,4,0,0,0,0,0,1,0,0,1,0,0,1,31,0,0,1,1,0,0,0,0,0,0,0,0,0,0,0,0,0,1,0,1,0,0,1,0,0,2,0,0,0,0,0,0,0,0,0,5,0,0,0,27,10,9,4,0,0,0,2,0,0,0,0,0,0,0,0,0,0,1,0,0,0,3,9,0,12,0,1,0,0,3,0,0,0,0
1,0,0,0,1,0,0,0,1,0,0,0,0,71,24,0,0,4,2,1,0,1,0,0,0,0,0,1,0,1,52,0,0,0,0,0,0,0,0,1,0,0,0,0,1,0,0,1,0,1,0,0,0,0,0,0,3,0,0,0,0,0,0,0,0,1,1,1,0,0,22,10,7,5,1,0,0,3,0,0,0,1,0,0,0,0,0,0,0,0,0,0,1,2,5,4,0,1,0,0,1,0,0,0,3
1,0,0,0,1,0,0,0,1,0,0,0,0,73,14,0,0,3,-1,0,1,0,0,1,0,0,0,0,0,1,13,0,0,0,0,0,0,0,0,0,0,0,0,0,1,1,0,0,0,2,1,0,0,3,0,0,2,0,0,2,1,1,0,1,0,1,1,0,0,0,17,9,6,2,0,0,0,3,0,0,0,0,0,0,0,0,0,0,0,0,1,0,5,4,2,15,4,6,1,0,4,0,1,0,3
1,0,0,0,1,0,0,0,1,0,0,0,0,73,10,0,0,3,-1,0,0,0,0,1,0,0,0,0,0,1,69,0,0,0,0,0,0,1,0,0,0,0,0,0,0,1,0,0,0,2,1,0,0,3,0,0,2,0,0,2,1,1,0,1,0,1,1,0,0,0,17,9,6,2,0,0,0,3,0,0,0,0,0,0,0,0,0,0,0,0,1,0,5,4,2,15,4,6,1,0,4,0,1,0,3
1,0,0,0,1,0,0,0,1,0,0,0,0,73,19,0,0,5,-1,0,0,0,0,1,0,0,0,0,0,1,31,0,0,0,0,0,0,0,0,0,0,0,0,0,1,1,0,0,0,3,1,0,0,3,0,0,2,0,0,2,1,1,0,1,0,1,1,0,0,0,17,9,6,2,0,0,0,3,0,0,0,0,0,0,0,0,0,0,0,0,1,0,5,4,2,15,4,6,1,0,4,0,1,0,3
1,0,1,0,0,0,0,1,0,0,0,0,0,74,36,0,0,3,0,0,0,0,1,0,0,0,0,0,0,0,14,0,0,0,0,0,0,0,0,0,0,0,0,0,0,0,0,0,1,0,1,0,0,2,0,0,1,0,0,0,1,0,0,1,1,0,3,1,0,0,22,10,8,4,0,1,0,4,0,0,0,0,0,0,0,0,0,0,1,0,0,0,5,4,2,9,1,2,0,0,3,2,0,0,0
1,0,0,0,0,0,0,1,0,0,0,0,0,74,25,0,0,3,-1,0,0,0,0,1,0,0,0,0,0,0,8,0,1,0,0,0,0,1,0,0,0,0,0,0,0,0,0,0,1,0,1,0,0,2,0,0,1,0,0,0,1,0,0,1,1,0,3,1,0,0,22,10,8,4,0,1,0,4,0,0,0,0,0,0,0,0,0,0,1,0,0,0,5,4,2,9,1,2,0,0,3,2,0,0,0
1,0,1,0,0,0,0,1,0,0,0,0,0,75,24,0,0,3,0,0,0,1,0,1,0,0,0,0,0,1,70,0,1,0,0,0,0,0,0,0,0,0,0,0,0,0,0,1,1,1,0,0,0,2,0,0,3,0,1,0,1,0,0,1,1,1,2,1,0,0,25,10,7,6,0,0,0,5,0,0,0,0,0,0,0,0,1,0,0,0,0,0,3,5,2,29,0,2,0,0,1,0,2,0,4
1,0,0,0,1,0,0,0,1,0,0,0,0,75,16,0,0,3,0,1,0,0,1,0,0,0,0,0,0,1,76,0,0,0,0,0,0,1,0,0,1,0,0,0,1,0,0,0,0,2,1,0,0,2,0,0,3,0,1,0,1,0,0,1,1,1,2,1,0,0,25,10,7,6,0,0,0,5,0,0,0,0,0,0,0,0,1,0,0,0,0,0,3,5,2,29,0,2,0,0,1,0,2,0,4
1,0,0,0,1,0,0,0,1,0,0,0,0,76,40,0,0,2,-1,0,0,1,1,1,0,0,0,0,0,1,84,0,1,0,0,0,0,0,0,0,0,0,0,0,1,0,0,0,0,1,1,0,0,0,0,0,1,0,0,0,0,0,0,1,2,1,0,1,0,0,20,10,5,4,0,0,0,2,0,0,0,0,0,0,0,1,0,0,0,0,0,0,1,7,4,12,1,3,0,0,0,0,0,1,7
1,0,0,0,1,0,0,0,1,0,0,0,0,77,19,14,3,5,0,1,0,0,1,1,0,0,0,0,0,1,105,0,0,0,0,0,0,0,0,0,0,0,0,0,1,0,0,0,0,2,1,0,0,0,0,0,4,0,0,1,2,0,2,0,0,0,1,0,0,0,21,9,7,5,0,1,0,5,0,0,1,0,0,0,0,0,0,0,0,0,0,1,3,12,2,12,3,0,0,0,2,1,0,0,6
0,0,1,0,0,0,0,1,0,0,0,0,0,77,18,4,0,2,2,0,0,0,0,1,0,1,0,0,0,1,17,0,0,1,0,0,0,0,0,0,0,0,0,0,1,0,0,0,0,1,0,0,0,0,0,0,4,0,0,1,2,0,2,0,0,0,1,0,0,0,21,9,7,5,0,1,0,5,0,0,1,0,0,0,0,0,0,0,0,0,0,1,3,12,2,12,3,0,0,0,2,1,0,0,6
0,0,0,0,1,0,0,0,1,0,0,0,0,77,16,0,0,3,0,0,0,0,0,1,0,0,0,0,0,0,4,0,0,0,0,0,0,0,0,0,0,0,0,0,1,0,0,1,1,0,1,0,0,0,0,0,4,0,0,1,2,0,2,0,0,0,1,0,0,0,21,9,7,5,0,1,0,5,0,0,1,0,0,0,0,0,0,0,0,0,0,1,3,12,2,12,3,0,0,0,2,1,0,0,6
1,0,0,0,1,0,0,0,1,0,0,0,0,78,18,0,0,4,-1,0,1,0,0,0,1,0,0,0,0,1,137,0,0,0,1,0,0,0,0,0,0,0,0,0,1,0,0,1,1,1,0,0,0,1,0,0,2,1,0,0,1,1,1,1,1,0,1,0,0,0,26,10,9,5,0,1,0,3,0,1,0,0,0,0,0,0,0,0,0,0,0,1,3,2,4,9,1,7,0,0,2,1,0,0,9
0,0,1,1,0,0,0,1,0,0,0,0,0,78,29,0,0,5,7,1,0,0,0,0,0,0,0,1,0,1,22,0,1,0,0,0,0,1,0,0,0,0,0,1,0,0,0,0,0,2,1,0,0,1,0,0,2,1,0,0,1,1,1,1,1,0,1,0,0,0,26,10,9,5,0,1,0,3,0,1,0,0,0,0,0,0,0,0,0,0,0,1,3,2,4,9,1,7,0,0,2,1,0,0,9
1,0,0,0,1,0,0,0,1,0,0,0,0,79,30,3,0,2,0,1,0,0,0,1,0,0,1,0,0,1,28,0,0,0,1,0,0,0,0,0,0,0,0,0,1,0,1,0,1,2,1,0,0,2,0,0,4,0,0,0,0,0,0,0,0,0,0,0,0,0,24,10,8,5,0,0,0,1,0,0,0,0,0,0,0,0,0,0,0,0,1,0,3,7,2,13,2,2,0,0,3,0,0,0,4
1,0,0,0,1,0,0,0,1,0,0,0,0,80,18,0,0,2,-1,1,0,1,0,0,0,0,0,0,0,0,0,0,0,0,0,0,0,0,1,0,0,0,0,0,1,0,0,0,0,1,1,0,0,4,0,0,2,0,0,0,2,0,0,0,0,0,1,2,0,0,19,10,7,2,1,0,1,2,0,0,0,0,0,1,0,0,0,0,0,0,0,0,3,10,3,19,1,0,0,0,1,1,1,0,3
1,0,0,0,1,0,0,0,1,0,0,0,0,81,10,0,0,3,-1,0,1,1,0,0,0,0,0,0,0,0,28,0,0,0,0,0,0,0,0,0,0,0,0,0,1,0,0,0,0,2,1,0,0,1,0,0,1,0,0,1,0,1,0,1,1,0,0,1,0,0,28,10,8,7,0,0,0,4,0,0,0,0,0,0,0,0,0,1,0,0,0,0,3,6,3,11,1,2,0,0,2,0,1,0,1
1,0,0,0,1,0,0,0,1,0,0,0,0,81,21,1,3,3,-1,1,1,0,0,0,0,1,0,0,0,1,90,0,0,1,0,0,0,0,0,0,0,0,1,0,0,0,1,0,1,2,1,0,0,1,0,0,1,0,0,1,0,1,0,1,1,0,0,1,0,0,28,10,8,7,0,0,0,4,0,0,0,0,0,0,0,0,0,1,0,0,0,0,3,6,3,11,1,2,0,0,2,0,1,0,1
1,0,1,0,0,0,0,1,0,0,0,0,0,82,13,0,0,4,2,0,0,0,0,1,0,0,0,0,1,0,31,0,1,0,0,0,0,0,0,0,0,0,0,0,0,0,0,0,1,2,1,0,0,0,0,1,2,0,0,0,4,0,1,1,0,1,0,0,1,1,27,10,9,7,0,0,0,4,0,0,0,0,0,0,0,0,0,0,1,0,0,1,5,5,4,17,3,4,0,1,4,0,0,0,9
1,0,0,0,0,0,0,1,0,0,0,0,0,82,23,0,0,3,2,0,0,0,1,1,0,0,1,0,0,1,99,0,1,0,0,0,0,0,0,0,0,0,0,0,0,0,0,1,1,0,1,0,0,0,0,1,2,0,0,0,4,0,1,1,0,1,0,0,1,1,27,10,9,7,0,0,0,4,0,0,0,0,0,0,0,0,0,0,1,0,0,1,5,5,4,17,3,4,0,1,4,0,0,0,9
1,0,0,0,1,0,0,0,1,0,0,0,0,83,22,0,0,3,0,0,0,0,1,1,0,0,0,0,0,1,26,0,0,0,0,0,0,0,1,0,0,0,0,0,0,0,0,0,0,3,1,0,0,1,0,0,0,0,2,0,1,0,1,0,1,0,2,0,1,0,18,9,7,2,1,0,0,3,0,0,0,0,0,0,0,0,0,0,0,0,1,1,4,4,4,23,0,1,0,0,4,0,0,0,6
1,0,0,0,1,0,0,0,1,0,0,0,0,83,5,0,0,2,0,0,1,0,0,1,0,0,0,0,0,0,57,0,1,0,0,0,0,0,1,0,0,0,0,0,0,0,0,0,0,1,1,0,0,1,0,0,0,0,2,0,1,0,1,0,1,0,2,0,1,0,18,9,7,2,1,0,0,3,0,0,0,0,0,0,0,0,0,0,0,0,1,1,4,4,4,23,0,1,0,0,4,0,0,0,6
1,0,0,0,1,0,0,0,1,0,0,0,0,83,21,0,0,4,-1,0,0,0,0,1,0,0,0,0,1,1,43,0,0,1,0,0,0,0,0,0,0,0,1,0,1,0,1,0,0,3,0,0,0,1,0,0,0,0,2,0,1,0,1,0,1,0,2,0,1,0,18,9,7,2,1,0,0,3,0,0,0,0,0,0,0,0,0,0,0,0,1,1,4,4,4,23,0,1,0,0,4,0,0,0,6
1,0,0,0,1,0,0,0,1,0,0,0,0,85,12,0,0,3,18,0,1,0,0,1,0,0,0,0,0,1,101,0,0,0,0,0,0,0,1,0,0,0,0,0,0,0,0,0,0,3,1,0,0,2,0,0,1,0,0,0,1,1,0,0,1,0,4,0,0,0,18,9,5,3,1,0,0,4,0,0,0,0,0,0,0,0,0,0,0,0,1,0,6,8,3,16,0,2,0,0,4,1,1,0,2
1,0,0,0,1,0,0,0,1,0,0,0,0,85,13,1,0,2,0,0,1,0,0,0,0,0,0,0,0,0,66,0,0,0,0,0,0,0,1,0,0,0,0,0,1,0,0,0,0,3,1,0,0,2,0,0,1,0,0,0,1,1,0,0,1,0,4,0,0,0,18,9,5,3,1,0,0,4,0,0,0,0,0,0,0,0,0,0,0,0,1,0,6,8,3,16,0,2,0,0,4,1,1,0,2
1,0,1,0,0,0,1,0,0,0,0,0,0,86,17,0,2,3,0,0,0,0,0,1,0,0,0,1,0,1,47,0,1,0,0,0,0,0,0,0,0,0,0,0,0,0,0,0,1,1,1,0,0,0,0,0,2,1,0,0,1,1,0,0,0,1,3,0,0,0,25,10,7,5,0,0,0,5,0,0,1,0,0,0,0,0,0,0,0,0,0,0,3,7,2,11,2,1,0,0,3,0,0,0,0
0,0,1,1,0,0,0,0,0,0,1,0,0,86,29,0,0,2,6,0,1,0,0,0,0,0,0,1,0,1,70,0,0,0,0,0,0,1,0,0,0,0,0,0,0,1,0,0,1,1,1,0,0,0,0,0,2,1,0,0,1,1,0,0,0,1,3,0,0,0,25,10,7,5,0,0,0,5,0,0,1,0,0,0,0,0,0,0,0,0,0,0,3,7,2,11,2,1,0,0,3,0,0,0,0
1,0,1,1,0,0,1,0,0,0,0,0,0,87,31,6,0,3,0,0,1,0,0,1,0,0,0,0,0,1,71,0,1,0,0,0,0,0,0,1,0,0,0,0,0,0,0,0,0,0,1,0,0,0,0,0,1,0,0,0,1,0,0,0,0,0,1,0,0,0,31,10,10,8,0,0,0,5,0,0,0,0,0,0,0,1,0,0,0,0,0,0,2,6,3,21,0,0,0,1,0,0,1,0,4
0,0,0,0,0,0,0,1,0,0,0,0,0,87,9,0,0,3,2,0,0,0,0,1,0,0,0,0,0,1,24,0,0,1,0,0,0,0,0,1,0,0,0,0,0,0,0,1,0,2,1,0,0,0,0,0,1,0,0,0,1,0,0,0,0,0,1,0,0,0,31,10,10,8,0,0,0,5,0,0,0,0,0,0,0,1,0,0,0,0,0,0,2,6,3,21,0,0,0,1,0,0,1,0,4
0,0,1,0,0,0,0,1,0,0,0,0,0,87,19,2,3,4,2,0,0,0,0,1,0,0,0,0,0,1,30,0,0,0,0,0,0,1,0,1,0,0,0,0,0,0,0,0,0,1,1,0,0,0,0,0,1,0,0,0,1,0,0,0,0,0,1,0,0,0,31,10,10,8,0,0,0,5,0,0,0,0,0,0,0,1,0,0,0,0,0,0,2,6,3,21,0,0,0,1,0,0,1,0,4
0,0,1,0,0,0,0,1,0,0,0,0,0,87,30,0,0,6,0,0,0,0,0,1,0,0,0,0,0,1,19,0,0,0,0,0,0,1,0,0,0,0,0,0,0,0,0,0,1,0,0,0,0,0,0,0,1,0,0,0,1,0,0,0,0,0,1,0,0,0,31,10,10,8,0,0,0,5,0,0,0,0,0,0,0,1,0,0,0,0,0,0,2,6,3,21,0,0,0,1,0,0,1,0,4
1,0,1,1,0,0,0,1,0,0,0,0,0,88,7,0,0,4,2,0,0,0,0,1,0,0,0,1,0,1,133,0,0,0,0,0,1,0,0,1,1,0,0,0,0,0,0,0,0,3,0,0,0,1,0,0,1,1,0,0,0,0,0,0,0,0,0,0,0,0,27,10,7,7,1,0,0,2,1,0,0,0,0,0,0,0,0,0,0,0,0,0,4,10,2,15,0,1,0,0,3,1,0,0,1
1,0,1,1,0,0,0,1,0,0,0,0,0,88,21,0,1,4,-2,1,0,0,0,0,0,0,1,1,0,1,58,0,0,0,0,0,0,0,0,1,0,0,0,1,0,0,0,0,0,1,1,0,0,1,0,0,1,1,0,0,0,0,0,0,0,0,0,0,0,0,27,10,7,7,1,0,0,2,1,0,0,0,0,0,0,0,0,0,0,0,0,0,4,10,2,15,0,1,0,0,3,1,0,0,1
1,0,1,0,0,0,0,0,0,0,0,0,1,89,5,0,0,2,7,0,0,0,0,1,0,0,0,1,0,1,75,0,0,0,0,0,0,1,0,0,0,1,0,1,0,0,0,0,0,1,1,1,0,1,0,0,2,0,0,0,0,0,1,0,0,0,3,0,0,0,26,10,9,6,0,0,0,5,0,0,0,0,0,0,0,0,1,0,0,0,0,0,2,7,1,21,1,3,1,0,2,0,0,0,0
1,0,0,0,1,0,0,0,1,0,0,0,0,90,33,0,0,2,39,0,1,0,1,0,0,0,1,0,0,0,0,0,0,1,0,0,0,0,0,0,0,0,1,0,0,0,0,0,0,1,1,0,1,2,0,0,4,0,0,1,2,1,0,0,0,3,2,2,0,0,18,9,5,3,0,0,0,3,0,0,0,0,0,0,0,0,0,0,1,0,0,0,3,12,6,9,0,3,0,0,2,0,1,0,3
1,0,0,0,1,0,0,0,1,0,0,0,0,90,29,0,0,6,-1,0,1,1,0,0,0,0,0,0,0,1,34,0,0,1,0,0,0,0,0,0,0,0,0,0,1,0,0,0,0,3,0,0,0,2,0,0,4,0,0,1,2,1,0,0,0,3,2,2,0,0,18,9,5,3,0,0,0,3,0,0,0,0,0,0,0,0,0,0,1,0,0,0,3,12,6,9,0,3,0,0,2,0,1,0,3
1,0,0,0,1,0,0,0,1,0,0,0,0,91,18,0,2,4,0,1,0,0,0,0,0,0,1,1,0,1,24,0,0,1,0,0,0,0,0,0,0,1,0,0,0,0,0,0,0,3,1,1,0,3,0,0,2,0,0,1,0,0,1,1,1,0,3,1,0,2,27,9,9,6,0,1,0,3,0,0,0,0,0,0,0,1,0,0,0,0,0,0,6,2,5,9,7,6,1,0,5,0,1,0,2
1,0,1,1,0,0,0,1,0,0,0,0,0,91,12,0,0,3,-2,0,0,0,0,1,0,0,0,0,0,1,97,0,1,0,0,0,0,0,0,0,0,0,0,0,0,0,0,0,1,0,1,0,0,3,0,0,2,0,0,1,0,0,1,1,1,0,3,1,0,2,27,9,9,6,0,1,0,3,0,0,0,0,0,0,0,1,0,0,0,0,0,0,6,2,5,9,7,6,1,0,5,0,1,0,2
1,0,1,0,0,0,0,1,0,0,0,0,0,91,21,0,0,2,0,0,0,0,0,1,0,0,0,1,0,1,46,0,0,0,0,0,0,0,0,0,1,0,0,0,0,0,0,0,1,1,1,0,0,3,0,0,2,0,0,1,0,0,1,1,1,0,3,1,0,2,27,9,9,6,0,1,0,3,0,0,0,0,0,0,0,1,0,0,0,0,0,0,6,2,5,9,7,6,1,0,5,0,1,0,2
1,0,1,1,0,0,0,0,0,0,0,0,1,92,16,0,0,4,1,0,0,0,0,0,0,0,0,1,0,1,11,0,1,0,0,0,0,0,0,1,0,0,0,0,0,0,0,0,1,3,0,0,0,1,0,0,3,0,0,0,2,0,1,0,0,0,1,1,2,0,22,9,6,4,0,0,0,5,0,0,0,0,0,0,0,0,1,0,0,0,0,2,5,8,0,25,0,1,0,0,4,1,0,0,11
1,0,0,0,1,0,0,0,1,0,0,0,0,92,9,0,0,2,-1,1,0,0,1,0,0,0,0,0,0,1,33,0,1,0,0,0,0,0,1,0,0,0,0,0,1,0,0,0,0,3,1,0,0,1,0,0,3,0,0,0,2,0,1,0,0,0,1,1,2,0,22,9,6,4,0,0,0,5,0,0,0,0,0,0,0,0,1,0,0,0,0,2,5,8,0,25,0,1,0,0,4,1,0,0,11
1,0,1,1,0,0,0,1,0,0,0,0,0,94,12,2,0,2,-4,0,0,0,0,0,0,0,0,1,0,1,22,0,1,0,0,0,0,1,0,0,1,0,0,0,0,0,0,0,1,2,1,0,0,2,0,0,1,0,0,0,1,0,2,0,0,2,1,0,0,0,23,10,8,3,0,0,0,2,0,0,0,0,0,1,0,0,0,0,0,0,0,1,5,4,2,19,2,3,1,0,4,1,0,0,8
1,0,1,0,0,0,0,1,0,0,0,0,0,95,5,0,0,2,3,0,0,0,0,1,0,1,0,0,0,1,51,0,0,0,0,1,1,0,0,0,0,0,0,0,0,0,0,0,0,0,1,0,0,2,0,0,2,0,1,1,1,0,1,0,0,1,1,0,0,1,26,10,9,3,0,0,0,3,0,0,0,0,0,0,0,0,0,0,0,1,0,0,5,10,6,8,5,2,0,1,3,1,0,0,3
0,0,0,0,0,0,1,0,0,0,0,0,0,95,6,0,0,2,-2,0,0,0,0,0,0,1,0,1,1,1,31,0,0,1,0,0,1,0,0,0,0,0,0,0,0,0,0,0,1,0,0,0,0,2,0,0,2,0,1,1,1,0,1,0,0,1,1,0,0,1,26,10,9,3,0,0,0,3,0,0,0,0,0,0,0,0,0,0,0,1,0,0,5,10,6,8,5,2,0,1,3,1,0,0,3
1,0,0,0,1,0,0,0,1,0,0,0,0,96,14,0,2,2,0,1,0,0,1,1,0,0,0,0,0,0,111,0,0,0,0,0,0,0,1,0,0,0,0,0,1,0,0,0,0,2,0,0,0,4,0,0,2,0,0,0,2,2,0,0,1,0,1,1,0,0,25,10,7,4,1,0,0,2,0,0,0,0,0,1,0,0,0,0,0,0,0,0,4,10,4,14,0,1,0,0,4,0,0,0,3
1,0,0,0,1,0,0,0,1,0,0,0,0,97,14,0,0,4,-1,1,0,0,1,0,0,0,0,0,0,1,43,0,0,0,0,0,0,1,0,0,0,0,0,0,0,0,0,0,1,3,1,0,0,1,0,0,1,0,0,0,0,0,0,0,0,1,2,1,0,0,19,9,7,3,0,1,0,5,0,0,0,0,0,0,0,0,1,0,0,0,0,0,3,4,6,22,0,3,0,1,2,0,0,0,1
1,0,0,0,1,0,0,0,1,0,0,0,0,97,22,0,3,2,0,0,0,1,0,1,0,0,1,0,0,0,73,0,0,0,0,0,0,1,0,0,0,0,0,0,1,0,0,0,0,2,1,0,0,1,0,0,1,0,0,0,0,0,0,0,0,1,2,1,0,0,19,9,7,3,0,1,0,5,0,0,0,0,0,0,0,0,1,0,0,0,0,0,3,4,6,22,0,3,0,1,2,0,0,0,1
1,0,0,0,1,0,0,0,1,0,0,0,0,97,15,0,0,2,0,0,1,0,0,1,0,0,1,0,0,1,38,0,0,0,0,0,0,0,1,0,0,0,0,0,1,0,0,0,0,1,1,0,0,1,0,0,1,0,0,0,0,0,0,0,0,1,2,1,0,0,19,9,7,3,0,1,0,5,0,0,0,0,0,0,0,0,1,0,0,0,0,0,3,4,6,22,0,3,0,1,2,0,0,0,1
1,0,0,1,1,0,0,0,1,0,0,0,0,98,43,5,5,4,-1,0,0,1,0,0,0,0,0,1,0,1,80,0,1,0,0,0,0,0,1,0,0,0,0,0,0,0,0,0,0,3,0,0,0,2,0,0,0,0,2,0,2,0,0,0,0,1,0,0,0,0,28,9,9,6,0,0,0,5,0,0,0,0,0,0,0,0,1,0,0,0,0,0,4,4,1,17,1,2,0,0,2,1,1,0,3
0,0,0,0,0,0,0,0,0,0,0,0,1,98,13,2,0,4,-3,0,0,0,0,0,0,0,1,0,0,1,39,0,1,1,0,0,1,0,0,0,0,0,0,0,0,0,0,0,0,2,1,1,0,2,0,0,0,0,2,0,2,0,0,0,0,1,0,0,0,0,28,9,9,6,0,0,0,5,0,0,0,0,0,0,0,0,1,0,0,0,0,0,4,4,1,17,1,2,0,0,2,1,1,0,3
0,0,0,1,1,0,0,0,0,0,0,0,1,98,5,0,0,3,0,0,0,1,0,1,0,0,0,0,0,1,14,0,0,1,0,0,0,0,0,0,0,0,0,0,0,0,0,0,1,3,1,0,0,2,0,0,0,0,2,0,2,0,0,0,0,1,0,0,0,0,28,9,9,6,0,0,0,5,0,0,0,0,0,0,0,0,1,0,0,0,0,0,4,4,1,17,1,2,0,0,2,1,1,0,3
0,0,0,0,0,0,0,0,1,0,0,0,0,98,9,0,0,3,-3,1,0,0,0,1,0,0,0,0,0,1,6,0,0,1,0,0,0,0,0,0,0,0,0,0,1,0,0,0,0,1,1,0,0,2,0,0,0,0,2,0,2,0,0,0,0,1,0,0,0,0,28,9,9,6,0,0,0,5,0,0,0,0,0,0,0,0,1,0,0,0,0,0,4,4,1,17,1,2,0,0,2,1,1,0,3
1,0,0,0,1,0,0,0,1,0,0,0,0,99,23,0,3,3,1,0,1,1,0,0,0,0,0,0,0,0,16,0,0,0,0,0,0,0,0,0,0,0,0,0,1,0,1,0,0,1,0,0,0,0,0,0,4,0,0,0,1,1,0,2,4,0,1,1,0,2,32,10,9,7,0,0,0,3,0,0,0,0,0,0,0,0,0,0,0,1,0,0,4,3,10,6,12,5,0,0,3,1,1,0,4
1,0,1,0,0,0,0,1,0,0,0,0,0,100,19,1,0,3,1,0,0,0,1,0,0,0,0,0,0,0,0,0,1,0,0,0,0,1,0,0,0,0,0,0,0,0,0,0,0,0,1,0,0,4,0,1,1,0,0,0,1,0,0,0,1,1,1,0,0,0,28,10,8,6,1,1,0,5,0,0,0,0,0,0,0,0,0,0,0,0,1,0,4,7,1,18,1,4,0,0,3,0,1,0,4
1,0,0,0,1,0,0,0,1,0,0,0,0,100,47,3,0,3,0,0,0,1,0,1,0,0,0,0,0,1,28,0,1,0,0,0,0,0,0,0,0,0,0,0,1,0,0,0,0,0,1,0,0,4,0,1,1,0,0,0,1,0,0,0,1,1,1,0,0,0,28,10,8,6,1,1,0,5,0,0,0,0,0,0,0,0,0,0,0,0,1,0,4,7,1,18,1,4,0,0,3,0,1,0,4
1,0,1,0,0,0,0,0,1,0,0,0,0,100,18,6,0,4,0,0,0,0,1,1,0,0,0,0,0,0,39,0,1,1,0,0,0,0,0,0,0,0,0,0,0,0,0,0,1,0,1,0,0,4,0,1,1,0,0,0,1,0,0,0,1,1,1,0,0,0,28,10,8,6,1,1,0,5,0,0,0,0,0,0,0,0,0,0,0,0,1,0,4,7,1,18,1,4,0,0,3,0,1,0,4
1,0,0,0,0,0,0,1,0,0,0,0,0,100,15,0,0,3,-1,0,0,0,1,1,0,0,0,0,0,0,8,0,1,0,0,0,0,0,0,0,0,0,0,0,0,0,0,0,1,0,0,0,0,4,0,1,1,0,0,0,1,0,0,0,1,1,1,0,0,0,28,10,8,6,1,1,0,5,0,0,0,0,0,0,0,0,0,0,0,0,1,0,4,7,1,18,1,4,0,0,3,0,1,0,4
1,0,0,0,0,0,0,1,0,0,0,0,0,100,9,0,0,3,-1,0,0,0,0,1,0,0,0,0,0,0,9,0,0,0,0,0,0,0,0,0,0,0,0,0,0,0,0,0,1,0,1,0,0,4,0,1,1,0,0,0,1,0,0,0,1,1,1,0,0,0,28,10,8,6,1,1,0,5,0,0,0,0,0,0,0,0,0,0,0,0,1,0,4,7,1,18,1,4,0,0,3,0,1,0,4
1,0,1,1,0,0,0,1,0,0,0,0,0,101,14,0,0,5,-2,1,0,0,0,1,0,0,0,1,0,1,35,0,0,0,0,0,0,0,0,0,0,0,0,0,0,0,0,0,1,3,0,0,0,3,0,0,2,0,1,0,2,0,1,0,0,0,0,1,0,0,22,9,7,4,1,0,0,2,0,0,0,0,0,0,0,1,0,0,0,0,0,0,2,12,5,11,0,1,0,0,1,0,1,0,1
0,1,1,0,0,0,0,0,0,0,0,0,1,101,34,0,1,3,-2,0,0,1,0,1,0,0,0,0,0,1,25,0,1,0,0,0,0,0,0,0,0,0,1,0,0,0,1,1,0,3,1,0,0,3,0,0,2,0,1,0,2,0,1,0,0,0,0,1,0,0,22,9,7,4,1,0,0,2,0,0,0,0,0,0,0,1,0,0,0,0,0,0,2,12,5,11,0,1,0,0,1,0,1,0,1
0,1,1,1,0,0,0,0,0,0,0,0,1,102,16,5,6,3,-1,1,0,0,0,1,0,0,0,1,0,0,87,2,0,0,0,0,0,0,0,0,0,1,0,1,0,0,0,0,0,2,1,0,0,0,0,0,1,0,0,0,0,0,1,0,0,0,0,0,0,0,28,10,9,6,1,0,0,5,0,0,0,0,0,0,0,0,1,0,0,0,0,0,4,12,2,17,1,1,0,0,3,0,1,0,2
1,0,0,0,1,0,0,0,1,0,0,0,0,103,30,0,0,3,0,0,0,0,1,1,0,0,0,0,0,0,73,0,0,0,0,0,0,0,0,0,0,0,0,0,1,0,0,0,0,3,0,0,0,2,0,0,2,2,0,1,1,0,0,1,0,0,2,0,0,0,27,10,8,6,1,0,0,2,0,1,0,0,0,0,0,0,0,0,0,0,0,0,2,7,0,22,0,1,0,0,1,0,2,0,3
1,0,0,0,1,0,0,0,1,0,0,0,0,104,17,0,0,6,0,0,1,0,0,1,0,0,0,0,0,0,0,0,1,1,0,0,0,0,0,0,0,0,0,0,1,0,0,0,0,3,0,0,0,3,0,0,1,0,1,0,0,0,1,1,1,1,1,0,2,0,25,9,9,5,0,0,0,4,0,0,0,0,0,0,0,0,1,0,0,0,0,1,3,6,0,16,1,0,0,0,3,0,0,0,5
0,1,1,1,0,0,1,0,0,0,0,0,0,104,23,0,0,4,3,0,1,0,0,1,0,0,0,1,0,1,72,0,0,0,0,0,0,0,0,1,1,0,0,0,0,0,0,0,1,3,1,0,0,3,0,0,1,0,1,0,0,0,1,1,1,1,1,0,2,0,25,9,9,5,0,0,0,4,0,0,0,0,0,0,0,0,1,0,0,0,0,1,3,6,0,16,1,0,0,0,3,0,0,0,5
0,1,1,0,0,1,0,0,0,0,0,0,0,104,16,0,0,4,0,0,0,0,0,0,0,0,1,0,0,0,0,0,0,0,0,0,0,0,0,0,0,1,0,0,0,0,0,0,0,1,0,1,0,3,0,0,1,0,1,0,0,0,1,1,1,1,1,0,2,0,25,9,9,5,0,0,0,4,0,0,0,0,0,0,0,0,1,0,0,0,0,1,3,6,0,16,1,0,0,0,3,0,0,0,5
1,0,0,0,1,0,0,0,1,0,0,0,0,105,18,0,0,3,0,1,0,1,0,1,0,0,0,0,0,1,45,0,0,0,0,0,0,0,1,0,0,0,0,0,1,0,0,0,0,3,1,0,0,1,0,0,3,0,1,0,1,1,1,0,0,0,3,0,0,0,25,10,8,6,0,0,0,3,0,0,0,0,0,0,0,0,1,0,0,0,0,0,4,11,4,20,2,0,0,0,3,0,1,0,1
1,0,1,1,0,0,0,1,0,0,0,0,0,106,15,0,0,4,5,1,0,0,0,0,0,0,0,1,0,1,130,0,1,0,0,0,0,0,0,1,0,0,0,0,0,0,0,0,1,3,1,0,0,3,0,0,2,1,0,0,2,0,1,1,2,0,4,0,2,0,25,9,9,6,0,0,0,2,0,0,0,0,0,0,0,0,0,0,1,0,0,0,3,9,3,9,0,3,0,0,1,2,0,0,5
1,0,0,0,1,0,0,0,1,0,0,0,0,107,48,0,0,2,0,1,1,0,0,1,0,0,0,0,0,1,81,0,0,0,0,0,0,0,0,0,0,0,0,0,1,0,0,0,1,1,1,0,0,1,0,0,1,0,0,1,1,0,1,0,2,1,0,0,0,2,33,10,9,8,0,0,0,2,0,0,0,0,0,0,0,0,0,1,0,0,0,1,4,7,3,18,2,0,0,0,1,2,1,0,6
1,0,0,0,1,0,0,0,1,0,0,0,0,108,37,0,0,3,0,1,1,1,0,0,0,0,0,0,0,1,37,0,0,1,0,0,0,0,0,0,0,0,0,0,1,0,0,0,0,0,0,0,0,3,0,0,2,0,0,2,1,0,0,1,2,0,1,3,0,0,22,10,7,3,0,1,0,2,0,0,0,0,1,0,0,0,0,0,0,0,0,0,5,4,4,11,7,3,1,0,3,1,1,0,5
1,0,1,1,0,0,0,1,0,0,0,0,0,108,15,0,0,3,-5,0,0,0,0,1,0,0,0,0,0,0,12,0,1,0,0,0,0,0,0,0,0,0,0,0,0,0,0,0,1,0,1,0,0,3,0,0,2,0,0,2,1,0,0,1,2,0,1,3,0,0,22,10,7,3,0,1,0,2,0,0,0,0,1,0,0,0,0,0,0,0,0,0,5,4,4,11,7,3,1,0,3,1,1,0,5
0,0,1,1,0,0,0,1,0,0,0,0,0,109,24,0,3,3,4,0,0,0,0,1,0,0,0,1,0,1,131,0,0,0,0,0,0,0,0,0,1,0,0,1,0,0,0,0,0,1,0,0,0,0,0,0,1,0,1,0,2,0,1,0,0,0,0,1,1,1,22,9,8,4,0,0,0,2,0,0,0,0,0,0,0,0,1,0,0,0,0,2,6,6,7,18,5,5,0,0,1,2,3,0,7
1,0,0,1,1,0,0,0,1,0,0,0,0,111,18,4,0,4,0,0,0,0,0,1,0,0,0,0,0,1,27,0,0,0,0,0,0,1,0,0,0,0,0,1,0,0,0,0,0,2,1,0,0,0,0,0,0,0,0,0,2,0,1,0,0,0,1,0,0,0,27,10,8,6,1,0,0,5,0,0,0,0,0,0,0,0,1,0,0,0,0,0,4,19,2,13,1,5,0,0,4,0,0,0,1
1,0,1,1,0,0,0,1,0,0,0,0,0,111,12,0,0,3,0,0,0,0,0,1,0,0,1,0,0,0,9,0,1,0,0,0,0,1,0,1,0,0,0,0,0,0,0,0,1,0,1,0,0,0,0,0,0,0,0,0,2,0,1,0,0,0,1,0,0,0,27,10,8,6,1,0,0,5,0,0,0,0,0,0,0,0,1,0,0,0,0,0,4,19,2,13,1,5,0,0,4,0,0,0,1
1,0,1,1,0,0,0,1,0,0,0,0,0,111,22,0,8,4,1,0,0,0,0,1,0,0,0,0,0,0,6,1,0,0,0,0,0,1,0,1,0,0,0,0,0,0,0,0,0,3,1,0,0,0,0,0,0,0,0,0,2,0,1,0,0,0,1,0,0,0,27,10,8,6,1,0,0,5,0,0,0,0,0,0,0,0,1,0,0,0,0,0,4,19,2,13,1,5,0,0,4,0,0,0,1
1,0,0,0,1,0,0,1,0,0,0,0,0,112,50,0,0,3,9,0,1,0,0,0,0,0,0,0,0,1,52,0,0,0,0,0,0,1,0,0,0,0,0,0,1,0,0,0,0,3,1,0,0,0,0,0,3,0,0,0,0,0,2,0,0,0,0,0,1,0,27,10,9,4,1,1,0,4,0,0,0,0,0,0,0,0,1,0,0,0,0,1,4,9,3,16,0,3,0,0,4,0,0,0,5
1,0,1,1,0,0,0,1,0,0,0,0,0,112,39,0,0,3,6,0,0,1,1,0,0,0,0,0,0,1,2,0,0,0,0,0,0,1,0,0,0,0,0,0,1,0,0,0,0,1,1,0,0,0,0,0,3,0,0,0,0,0,2,0,0,0,0,0,1,0,27,10,9,4,1,1,0,4,0,0,0,0,0,0,0,0,1,0,0,0,0,1,4,9,3,16,0,3,0,0,4,0,0,0,5
1,0,1,0,0,1,0,0,0,0,0,0,0,113,16,4,0,4,-1,0,0,0,1,0,0,0,0,1,0,1,38,0,0,0,0,0,0,0,0,0,0,0,0,0,1,0,0,0,1,0,0,0,0,1,0,0,1,0,0,1,1,0,0,0,1,1,4,1,0,0,30,9,9,6,0,0,0,3,0,0,0,0,0,0,0,0,0,0,1,0,0,0,2,7,2,16,0,2,0,0,2,0,0,0,0
1,0,0,0,1,0,0,0,1,0,0,0,0,113,17,1,0,4,0,0,0,0,1,1,0,0,0,0,0,0,30,0,0,0,0,0,0,1,0,0,0,0,0,0,1,0,0,0,1,1,0,0,0,1,0,0,1,0,0,1,1,0,0,0,1,1,4,1,0,0,30,9,9,6,0,0,0,3,0,0,0,0,0,0,0,0,0,0,1,0,0,0,2,7,2,16,0,2,0,0,2,0,0,0,0
0,0,0,0,0,0,0,1,0,0,0,0,0,113,14,2,0,3,2,0,0,0,1,0,0,0,0,0,0,1,27,0,0,0,0,0,0,1,0,0,0,0,0,0,1,0,0,0,1,0,1,0,0,1,0,0,1,0,0,1,1,0,0,0,1,1,4,1,0,0,30,9,9,6,0,0,0,3,0,0,0,0,0,0,0,0,0,0,1,0,0,0,2,7,2,16,0,2,0,0,2,0,0,0,0
1,0,1,0,0,1,0,0,0,0,0,0,0,114,8,0,2,2,0,1,0,0,0,0,0,0,0,1,0,1,63,0,0,0,0,0,0,0,0,0,0,0,1,0,0,0,0,1,1,0,0,0,0,1,0,0,0,0,1,1,1,0,0,1,0,1,1,0,0,0,25,10,8,4,0,1,0,2,0,0,0,0,0,0,0,0,0,1,0,0,0,1,3,8,5,13,1,1,0,0,2,0,1,0,4
1,0,0,0,1,0,0,0,1,0,0,0,0,114,17,0,0,2,-1,0,0,0,1,1,0,0,0,1,0,0,42,0,1,0,0,0,0,0,0,0,0,0,0,0,0,0,0,1,1,0,0,0,0,1,0,0,0,0,1,1,1,0,0,1,0,1,1,0,0,0,25,10,8,4,0,1,0,2,0,0,0,0,0,0,0,0,0,1,0,0,0,1,3,8,5,13,1,1,0,0,2,0,1,0,4
0,0,0,0,0,0,0,1,0,0,0,0,0,115,37,0,0,5,-1,1,1,0,1,0,0,0,0,0,0,1,52,0,0,1,0,0,0,0,0,0,0,0,0,0,1,0,0,0,1,2,1,0,0,4,0,0,1,0,0,0,0,0,0,0,0,1,4,1,1,0,27,10,7,6,0,0,0,2,0,0,0,0,0,0,0,0,0,0,1,0,0,0,3,8,5,18,0,4,0,0,2,1,0,0,2
1,0,0,0,1,0,0,0,1,0,0,0,0,116,7,0,0,3,-1,0,0,1,0,1,0,0,0,0,0,1,51,0,0,1,0,0,0,0,1,0,0,0,0,0,1,0,0,0,0,3,0,0,0,3,0,0,6,0,0,0,3,0,2,1,1,0,1,1,0,0,33,10,10,8,0,0,0,3,0,0,0,0,0,0,0,0,1,0,0,0,0,0,5,8,3,14,2,3,0,0,4,1,0,0,3
1,0,0,0,1,0,0,0,1,0,0,0,0,116,14,0,0,3,-1,0,0,1,0,1,0,0,0,0,0,1,55,0,1,0,0,0,0,0,1,0,0,0,0,0,1,0,0,0,0,0,0,0,0,3,0,0,6,0,0,0,3,0,2,1,1,0,1,1,0,0,33,10,10,8,0,0,0,3,0,0,0,0,0,0,0,0,1,0,0,0,0,0,5,8,3,14,2,3,0,0,4,1,0,0,3
1,0,0,0,1,0,0,0,1,0,0,0,0,117,25,0,0,4,0,0,0,1,1,1,0,0,0,0,0,1,80,0,0,0,0,0,0,0,0,1,0,0,1,0,0,0,0,0,0,3,0,0,0,0,0,0,1,0,0,0,2,0,0,1,2,1,3,1,0,0,26,9,9,6,0,0,0,2,0,0,0,0,0,1,0,0,0,0,0,0,0,1,1,8,3,12,2,0,0,0,1,0,1,0,6
0,0,0,0,0,0,0,1,0,0,0,0,0,118,3,0,0,2,0,0,0,0,1,1,0,0,0,0,0,1,68,0,0,0,0,0,0,0,0,0,0,0,0,1,0,0,0,0,0,0,1,0,0,1,0,0,0,0,1,0,0,0,0,0,1,0,1,1,1,0,29,10,10,6,1,0,1,4,0,0,0,0,0,0,0,0,1,0,0,0,0,0,2,8,3,15,0,1,0,0,2,0,0,0,1
1,0,1,1,0,0,0,1,0,0,0,0,0,119,5,0,0,2,-2,0,0,0,0,1,0,0,0,1,0,1,49,0,1,0,0,0,0,0,0,0,1,0,0,0,0,0,0,0,1,0,1,0,0,0,0,0,2,0,0,2,1,0,0,1,0,1,1,1,0,0,26,10,8,6,1,1,1,5,0,0,0,0,0,0,0,0,1,0,0,0,0,0,5,10,2,18,4,4,0,0,2,2,1,0,5
1,0,1,0,0,0,0,1,0,0,0,0,0,119,20,0,0,2,-1,1,0,1,1,0,0,0,0,0,0,1,39,0,0,0,0,1,0,0,0,0,0,0,0,0,1,0,0,0,1,0,1,0,0,0,0,0,2,0,0,2,1,0,0,1,0,1,1,1,0,0,26,10,8,6,1,1,1,5,0,0,0,0,0,0,0,0,1,0,0,0,0,0,5,10,2,18,4,4,0,0,2,2,1,0,5
1,0,1,1,0,0,0,1,0,0,0,0,0,120,23,8,10,3,0,0,0,0,0,1,0,0,0,1,0,0,0,1,0,0,0,0,0,0,0,1,1,0,0,0,0,0,0,1,0,3,1,0,0,1,0,0,2,0,0,0,0,0,0,0,0,0,1,0,0,0,24,9,8,6,0,0,0,2,0,0,0,0,0,0,0,1,0,0,0,0,0,0,4,14,3,10,0,1,0,0,4,0,0,0,1
1,0,0,0,1,0,0,0,1,0,0,0,0,120,18,0,0,3,-1,1,0,1,1,0,0,0,0,0,0,1,5,0,0,1,0,0,0,0,0,0,0,0,0,0,1,0,0,0,0,2,1,0,0,1,0,0,2,0,0,0,0,0,0,0,0,0,1,0,0,0,24,9,8,6,0,0,0,2,0,0,0,0,0,0,0,1,0,0,0,0,0,0,4,14,3,10,0,1,0,0,4,0,0,0,1
1,0,0,0,1,0,0,0,1,0,0,0,0,121,13,4,0,3,0,0,0,0,0,1,0,0,1,0,0,1,111,0,0,0,0,0,0,1,0,0,0,0,0,0,0,1,0,0,0,0,1,0,0,2,0,0,2,0,0,0,1,1,0,1,1,0,1,2,1,0,27,9,9,6,0,0,0,4,0,0,0,0,0,0,0,0,0,0,1,0,0,0,5,5,7,14,2,7,0,0,3,0,2,0,3
1,0,0,0,1,0,0,0,1,0,0,0,0,121,21,0,0,2,0,0,0,0,0,1,0,0,0,0,0,0,84,0,0,0,0,0,0,0,0,0,0,0,0,0,1,1,0,0,0,1,1,0,0,2,0,0,2,0,0,0,1,1,0,1,1,0,1,2,1,0,27,9,9,6,0,0,0,4,0,0,0,0,0,0,0,0,0,0,1,0,0,0,5,5,7,14,2,7,0,0,3,0,2,0,3
0,0,1,0,0,0,0,0,0,1,0,0,0,121,15,0,0,7,-3,0,0,0,0,1,0,0,0,0,0,1,47,0,0,0,0,0,0,1,0,0,0,0,0,0,1,1,0,0,0,2,1,0,1,2,0,0,2,0,0,0,1,1,0,1,1,0,1,2,1,0,27,9,9,6,0,0,0,4,0,0,0,0,0,0,0,0,0,0,1,0,0,0,5,5,7,14,2,7,0,0,3,0,2,0,3
0,0,0,0,0,0,0,0,0,1,0,0,0,121,17,0,0,4,12,0,1,0,0,0,0,0,0,0,0,1,75,0,0,0,0,0,0,0,1,0,0,0,1,0,0,0,0,0,0,2,1,0,1,2,0,0,2,0,0,0,1,1,0,1,1,0,1,2,1,0,27,9,9,6,0,0,0,4,0,0,0,0,0,0,0,0,0,0,1,0,0,0,5,5,7,14,2,7,0,0,3,0,2,0,3
1,0,0,0,1,0,0,0,1,0,0,0,0,122,5,0,0,2,-1,0,0,1,0,1,0,0,0,0,0,1,54,0,1,0,0,0,0,0,1,0,0,0,0,0,1,0,0,0,0,3,0,0,0,0,0,0,3,0,0,0,0,0,0,0,0,0,1,0,0,0,22,10,9,3,0,0,0,4,0,0,0,0,0,0,0,1,0,0,0,0,0,0,1,4,3,5,1,0,1,0,0,0,0,1,0
1,0,0,0,1,0,0,0,1,0,0,0,0,122,35,1,0,4,-1,0,1,1,0,0,0,0,0,0,0,1,34,0,0,1,0,0,0,0,0,0,0,0,0,0,1,0,0,0,0,2,1,0,0,0,0,0,3,0,0,0,0,0,0,0,0,0,1,0,0,0,22,10,9,3,0,0,0,4,0,0,0,0,0,0,0,1,0,0,0,0,0,0,1,4,3,5,1,0,1,0,0,0,0,1,0
1,0,0,0,1,0,0,0,1,0,0,0,0,122,15,0,0,2,-1,0,0,0,1,1,0,0,0,0,0,1,66,0,1,0,0,0,0,0,0,0,0,0,0,0,1,0,0,0,0,3,1,0,0,0,0,0,3,0,0,0,0,0,0,0,0,0,1,0,0,0,22,10,9,3,0,0,0,4,0,0,0,0,0,0,0,1,0,0,0,0,0,0,1,4,3,5,1,0,1,0,0,0,0,1,0
1,0,0,0,1,0,0,0,1,0,0,0,0,122,14,0,0,3,-1,0,1,0,1,0,0,0,0,0,0,0,50,0,0,0,1,0,0,0,0,0,0,0,0,0,1,0,1,0,0,2,1,0,0,0,0,0,3,0,0,0,0,0,0,0,0,0,1,0,0,0,22,10,9,3,0,0,0,4,0,0,0,0,0,0,0,1,0,0,0,0,0,0,1,4,3,5,1,0,1,0,0,0,0,1,0
1,0,0,0,1,0,0,0,1,0,0,0,0,123,16,0,0,2,0,0,0,0,0,1,0,0,0,0,0,1,87,0,0,0,0,0,0,0,1,0,0,0,0,0,1,0,0,0,0,3,1,0,0,1,0,0,2,0,0,0,3,0,1,1,1,1,1,1,0,0,17,10,6,1,0,0,0,2,0,1,0,0,0,0,0,0,0,0,0,0,0,0,4,4,6,10,3,0,0,0,4,0,0,0,2
0,0,0,0,1,0,0,0,1,0,0,0,0,123,15,0,0,2,5,0,1,0,1,0,0,0,0,0,0,1,108,0,0,0,0,0,0,0,1,0,0,0,0,0,0,0,0,0,0,1,0,0,0,1,0,0,2,0,0,0,3,0,1,1,1,1,1,1,0,0,17,10,6,1,0,0,0,2,0,1,0,0,0,0,0,0,0,0,0,0,0,0,4,4,6,10,3,0,0,0,4,0,0,0,2
1,0,0,0,1,0,0,0,1,0,0,0,0,124,34,2,0,2,0,0,1,0,0,1,0,0,0,0,0,0,3,0,0,0,0,0,0,1,0,0,0,0,0,0,1,0,0,0,0,2,1,0,0,2,0,0,0,0,0,0,1,0,1,0,2,1,2,0,1,0,28,9,8,7,0,0,0,2,0,0,0,0,0,0,0,0,0,0,0,0,1,0,4,9,8,17,0,3,1,0,2,1,1,0,3
1,0,1,0,0,1,0,0,0,0,0,0,0,125,24,11,5,2,0,1,0,0,0,0,0,0,0,1,0,1,37,0,0,0,0,0,0,0,0,0,0,0,1,0,1,0,1,0,0,1,0,0,0,2,0,0,3,0,0,1,2,0,1,0,0,2,0,1,0,0,22,10,8,4,1,0,0,2,0,0,0,1,0,0,0,0,0,0,0,0,0,0,3,9,5,6,2,3,0,0,2,0,1,0,2
1,0,0,0,1,0,0,0,1,0,0,0,0,126,18,0,0,2,0,0,1,0,0,1,0,0,0,0,0,0,3,0,0,0,0,0,0,0,0,0,0,0,0,0,1,1,0,0,0,3,1,0,0,3,0,0,2,0,0,1,2,0,1,0,0,1,0,0,1,0,19,8,7,3,1,1,0,3,0,0,0,0,0,0,0,0,0,0,0,0,1,1,5,11,1,12,2,3,0,0,5,0,0,0,9
1,0,0,0,0,0,0,1,0,0,0,0,0,126,20,0,0,2,6,1,0,0,1,1,0,0,0,0,0,1,23,0,1,0,0,0,0,1,0,0,0,0,0,0,0,0,0,0,1,1,1,0,0,3,0,0,2,0,0,1,2,0,1,0,0,1,0,0,1,0,19,8,7,3,1,1,0,3,0,0,0,0,0,0,0,0,0,0,0,0,1,1,5,11,1,12,2,3,0,0,5,0,0,0,9
1,0,0,0,1,0,0,0,1,0,0,0,0,126,35,0,0,3,0,0,1,0,0,1,0,0,0,0,0,1,43,0,1,0,0,0,0,0,1,0,0,0,0,0,1,0,0,0,0,2,0,0,0,3,0,0,2,0,0,1,2,0,1,0,0,1,0,0,1,0,19,8,7,3,1,1,0,3,0,0,0,0,0,0,0,0,0,0,0,0,1,1,5,11,1,12,2,3,0,0,5,0,0,0,9
1,0,0,0,0,0,0,1,0,0,0,0,0,127,25,0,0,1,-1,0,1,0,0,1,0,0,0,0,0,1,23,0,0,0,0,0,0,0,0,0,0,0,0,0,1,0,1,0,1,0,1,0,0,0,0,0,4,1,3,1,3,1,0,1,0,1,3,0,0,0,33,10,8,7,0,1,0,3,0,0,0,0,0,0,0,0,1,0,0,0,0,0,2,8,1,19,0,3,0,0,1,1,0,0,0
0,0,1,1,0,0,0,1,0,0,0,0,0,127,14,0,0,3,-2,1,0,0,0,0,0,0,0,1,1,1,73,0,0,0,0,0,0,0,0,0,0,1,0,1,1,0,0,0,0,2,1,0,0,0,0,0,4,1,3,1,3,1,0,1,0,1,3,0,0,0,33,10,8,7,0,1,0,3,0,0,0,0,0,0,0,0,1,0,0,0,0,0,2,8,1,19,0,3,0,0,1,1,0,0,0
0,0,0,0,1,0,0,0,1,0,0,0,0,127,21,0,0,4,0,1,1,0,0,0,0,0,0,0,0,1,73,0,0,0,0,0,0,0,0,0,0,0,0,0,1,0,1,0,0,3,1,0,0,0,0,0,4,1,3,1,3,1,0,1,0,1,3,0,0,0,33,10,8,7,0,1,0,3,0,0,0,0,0,0,0,0,1,0,0,0,0,0,2,8,1,19,0,3,0,0,1,1,0,0,0
1,0,0,0,0,0,0,1,0,0,0,0,0,129,9,0,0,1,-2,0,0,0,1,1,0,0,0,0,0,1,39,0,0,1,0,0,0,0,0,0,1,0,0,0,0,0,0,0,1,1,1,0,0,2,0,0,2,0,0,0,0,0,0,0,1,0,2,0,0,0,27,9,9,7,1,1,1,3,0,0,0,0,0,0,0,0,0,0,1,0,0,0,2,7,1,10,0,0,0,1,0,0,1,0,3
0,1,0,0,0,0,1,0,0,0,0,0,0,129,16,0,2,2,0,1,0,0,1,1,0,0,0,0,0,0,1,0,1,0,0,0,0,0,0,0,0,0,0,0,0,0,0,1,1,1,1,0,0,2,0,0,2,0,0,0,0,0,0,0,1,0,2,0,0,0,27,9,9,7,1,1,1,3,0,0,0,0,0,0,0,0,0,0,1,0,0,0,2,7,1,10,0,0,0,1,0,0,1,0,3
1,0,1,0,0,0,0,1,0,0,0,0,0,130,16,0,4,2,0,0,0,0,0,1,0,0,0,0,0,1,44,0,0,0,0,1,0,0,0,0,0,0,0,0,0,0,0,0,1,0,1,0,0,0,0,0,2,0,1,0,2,0,1,0,0,2,1,0,0,0,26,9,9,7,1,1,1,3,0,0,0,0,0,0,1,0,0,0,0,0,0,0,3,3,3,15,0,1,0,0,2,1,0,0,2
1,0,1,1,0,0,0,1,0,0,0,0,0,131,26,0,0,4,-1,1,0,0,0,1,0,0,0,0,0,1,120,0,1,0,0,0,0,1,0,0,0,0,0,0,1,0,0,0,0,2,1,0,0,2,0,0,0,1,0,0,2,0,1,0,1,0,1,0,0,0,24,10,8,4,0,0,0,5,0,1,0,0,0,0,0,0,0,0,0,0,0,1,3,13,1,15,0,1,0,0,2,0,1,0,5
1,0,0,0,0,0,1,0,0,0,0,0,0,131,4,0,0,4,-1,0,0,0,0,0,0,1,0,1,0,0,27,0,0,0,1,1,0,0,0,0,0,0,0,0,0,0,0,0,0,0,0,0,0,2,0,0,0,1,0,0,2,0,1,0,1,0,1,0,0,0,24,10,8,4,0,0,0,5,0,1,0,0,0,0,0,0,0,0,0,0,0,1,3,13,1,15,0,1,0,0,2,0,1,0,5
1,0,0,0,1,0,0,0,1,0,0,0,0,132,11,0,0,2,-1,0,0,1,1,1,0,0,0,0,0,1,38,0,0,0,0,0,0,0,1,0,0,0,0,0,1,0,0,0,0,2,1,0,0,2,0,0,3,0,0,0,0,0,0,3,2,0,3,0,0,2,23,10,7,5,0,0,0,3,0,0,0,0,0,0,0,0,0,0,0,1,0,0,5,8,7,9,9,4,0,0,3,1,1,0,0
1,0,1,1,0,0,0,0,0,0,0,0,1,133,26,0,5,5,-3,1,0,0,0,1,0,0,0,1,0,1,38,0,0,0,0,0,0,0,0,0,1,0,0,1,1,0,0,1,0,2,1,0,0,3,0,0,1,0,2,0,1,0,0,1,0,0,0,1,1,0,28,10,8,7,1,0,0,4,0,0,0,0,0,0,0,0,1,0,0,0,0,1,2,8,2,13,0,1,1,0,1,0,1,0,4
1,0,1,1,0,0,0,0,0,0,0,0,1,133,11,0,0,2,-3,1,0,0,1,0,0,0,0,1,0,1,36,0,0,1,0,0,0,0,0,0,1,0,0,0,0,0,0,0,1,3,1,0,0,3,0,0,1,0,2,0,1,0,0,1,0,0,0,1,1,0,28,10,8,7,1,0,0,4,0,0,0,0,0,0,0,0,1,0,0,0,0,1,2,8,2,13,0,1,1,0,1,0,1,0,4
1,0,0,1,1,0,0,0,1,0,0,0,0,133,24,0,0,6,1,0,1,1,0,0,0,0,1,0,0,1,40,0,0,0,0,0,0,0,0,0,1,1,0,1,0,0,0,0,0,1,1,0,0,3,0,0,1,0,2,0,1,0,0,1,0,0,0,1,1,0,28,10,8,7,1,0,0,4,0,0,0,0,0,0,0,0,1,0,0,0,0,1,2,8,2,13,0,1,1,0,1,0,1,0,4
1,0,0,0,0,0,0,1,0,0,0,0,0,134,8,2,0,2,-2,0,0,0,0,1,0,0,0,0,0,1,7,0,1,0,1,0,0,0,0,0,0,0,0,0,0,0,0,0,1,0,0,0,0,1,0,0,3,0,1,0,1,0,0,0,0,0,3,0,1,2,26,10,8,5,0,1,0,4,0,0,0,0,0,0,0,1,0,0,0,0,0,0,7,4,9,17,3,5,0,0,4,2,1,0,0
1,0,0,0,0,0,0,1,0,0,0,0,0,134,5,1,0,2,-2,0,0,0,0,0,0,1,1,0,0,1,14,0,1,0,0,0,0,0,0,0,0,0,0,0,1,0,0,0,1,2,1,0,0,1,0,0,3,0,1,0,1,0,0,0,0,0,3,0,1,2,26,10,8,5,0,1,0,4,0,0,0,0,0,0,0,1,0,0,0,0,0,0,7,4,9,17,3,5,0,0,4,2,1,0,0
1,0,1,1,0,0,0,1,0,0,0,0,0,135,10,5,5,3,0,0,0,0,0,1,0,0,0,0,0,1,58,0,1,0,0,0,0,0,0,0,0,0,0,1,0,0,0,0,0,1,0,0,0,2,0,0,3,0,0,0,2,0,0,0,0,0,1,1,0,0,24,10,8,5,0,1,0,2,0,0,0,0,0,0,0,0,1,0,0,0,0,1,3,8,3,10,2,2,0,0,2,1,0,0,4
1,0,1,0,0,0,0,1,0,0,0,0,0,135,13,0,0,2,-1,0,1,0,0,1,0,0,0,0,1,1,29,0,0,0,0,0,0,0,0,1,0,0,0,1,0,0,0,1,0,1,0,0,0,2,0,0,3,0,0,0,2,0,0,0,0,0,1,1,0,0,24,10,8,5,0,1,0,2,0,0,0,0,0,0,0,0,1,0,0,0,0,1,3,8,3,10,2,2,0,0,2,1,0,0,4
1,0,1,0,0,0,0,1,0,0,0,0,0,136,27,0,0,2,0,0,0,0,0,1,0,0,0,0,0,0,14,0,0,0,0,0,0,1,0,0,1,0,0,0,0,0,0,0,1,0,1,0,0,2,0,0,1,0,0,1,1,0,1,1,0,1,2,0,0,2,24,10,7,4,1,0,0,3,0,0,0,0,0,0,0,1,0,0,0,0,0,0,6,9,3,11,4,1,0,0,0,2,4,0,4
1,0,0,0,0,0,0,1,0,0,0,0,0,136,21,5,0,2,0,0,0,0,0,1,0,1,0,0,0,1,17,0,0,0,0,0,0,0,0,0,0,0,0,0,0,0,0,0,1,0,1,0,0,2,0,0,1,0,0,1,1,0,1,1,0,1,2,0,0,2,24,10,7,4,1,0,0,3,0,0,0,0,0,0,0,1,0,0,0,0,0,0,6,9,3,11,4,1,0,0,0,2,4,0,4
1,0,0,0,1,0,0,0,1,0,0,0,0,137,43,6,0,3,0,0,1,1,0,1,0,0,0,0,0,1,76,0,0,1,0,0,0,0,0,0,0,0,0,0,0,0,0,0,0,0,1,0,0,2,1,0,2,0,0,0,0,0,0,0,0,0,2,0,0,0,27,10,8,7,1,0,0,5,0,0,0,0,0,0,0,0,0,0,1,0,0,0,4,4,1,22,0,0,0,0,4,0,0,0,1
0,1,1,0,0,1,0,0,0,0,0,0,0,137,12,0,0,2,0,1,0,1,0,1,0,0,0,0,0,1,29,0,0,1,0,0,0,0,0,0,0,0,1,0,1,0,0,0,0,2,1,0,0,2,1,0,2,0,0,0,0,0,0,0,0,0,2,0,0,0,27,10,8,7,1,0,0,5,0,0,0,0,0,0,0,0,0,0,1,0,0,0,4,4,1,22,0,0,0,0,4,0,0,0,1
1,0,0,0,1,0,0,0,1,0,0,0,0,138,24,0,0,3,0,0,0,0,1,1,0,0,0,0,1,0,66,0,0,0,0,0,0,0,1,0,0,0,0,0,1,0,0,0,0,3,1,0,0,3,0,0,1,0,0,0,3,0,1,0,1,0,4,1,0,0,23,10,8,4,0,0,0,2,0,0,0,0,0,0,1,0,0,0,0,0,0,0,4,9,2,17,3,0,0,0,2,1,2,0,1
1,0,0,0,1,0,0,0,1,0,0,0,0,139,11,0,0,3,-1,0,0,0,1,0,0,0,0,0,0,0,59,0,1,0,0,0,0,0,1,0,0,0,0,0,0,0,0,0,1,3,1,0,0,1,0,0,1,0,0,1,0,0,0,0,0,0,3,2,0,0,21,9,8,3,0,0,0,4,0,0,0,0,0,0,0,0,0,0,1,0,0,0,4,8,5,17,2,0,0,0,2,0,2,0,2
1,0,0,0,0,0,0,0,0,0,1,0,0,139,50,0,0,3,13,0,1,0,1,0,0,0,0,0,0,1,28,0,0,0,0,0,0,1,0,0,0,0,0,0,1,0,0,1,0,0,1,0,0,1,0,0,1,0,0,1,0,0,0,0,0,0,3,2,0,0,21,9,8,3,0,0,0,4,0,0,0,0,0,0,0,0,0,0,1,0,0,0,4,8,5,17,2,0,0,0,2,0,2,0,2
1,0,0,0,1,0,0,0,1,0,0,0,0,139,9,0,0,2,-1,1,0,0,1,0,0,0,0,0,0,1,33,0,1,0,0,0,0,0,1,0,0,0,0,0,1,0,0,0,0,3,1,0,0,1,0,0,1,0,0,1,0,0,0,0,0,0,3,2,0,0,21,9,8,3,0,0,0,4,0,0,0,0,0,0,0,0,0,0,1,0,0,0,4,8,5,17,2,0,0,0,2,0,2,0,2
0,1,0,0,0,0,0,0,0,0,1,0,0,140,19,0,0,1,5,1,0,1,0,0,0,0,0,0,0,1,49,0,0,0,0,1,0,0,0,0,0,0,0,0,0,0,0,0,1,2,0,0,0,3,0,0,3,0,0,0,3,0,0,1,0,1,1,2,1,0,28,10,9,6,0,0,0,3,0,0,0,0,0,1,0,0,0,0,0,0,0,1,3,9,3,17,3,4,0,0,2,0,1,0,6
1,0,0,0,0,0,0,1,0,0,0,0,0,140,14,0,0,2,0,0,0,0,1,1,0,0,0,0,0,1,22,0,0,0,1,0,0,0,1,0,0,0,0,0,0,0,0,0,1,2,1,0,0,3,0,0,3,0,0,0,3,0,0,1,0,1,1,2,1,0,28,10,9,6,0,0,0,3,0,0,0,0,0,1,0,0,0,0,0,0,0,1,3,9,3,17,3,4,0,0,2,0,1,0,6
1,0,1,1,0,0,0,1,0,0,0,0,0,141,31,9,10,3,-1,0,0,1,0,0,0,0,0,1,0,1,79,0,1,0,0,0,0,0,0,0,0,0,0,0,0,0,0,0,1,3,1,0,0,0,0,0,0,0,0,0,0,1,0,1,0,0,0,2,2,0,30,10,9,6,0,0,0,4,0,0,0,0,0,0,0,0,1,0,0,0,0,0,6,12,0,15,2,2,0,0,5,1,0,0,1
0,0,1,1,0,0,0,1,0,0,0,0,0,141,11,0,6,3,3,0,0,0,0,0,0,0,0,1,0,1,73,0,1,0,0,0,0,0,0,0,0,0,0,0,0,0,0,0,1,1,1,0,0,0,0,0,0,0,0,0,0,1,0,1,0,0,0,2,2,0,30,10,9,6,0,0,0,4,0,0,0,0,0,0,0,0,1,0,0,0,0,0,6,12,0,15,2,2,0,0,5,1,0,0,1
0,0,1,1,0,0,0,0,0,0,0,0,1,141,45,0,0,2,35,0,1,0,0,0,0,0,1,1,0,1,85,0,0,0,0,0,1,0,0,0,0,1,0,0,0,0,0,0,0,2,1,0,0,0,0,0,0,0,0,0,0,1,0,1,0,0,0,2,2,0,30,10,9,6,0,0,0,4,0,0,0,0,0,0,0,0,1,0,0,0,0,0,6,12,0,15,2,2,0,0,5,1,0,0,1
1,0,0,0,1,0,0,0,1,0,0,0,0,142,23,5,0,4,0,1,1,0,0,1,0,0,0,0,0,1,9,0,1,1,0,0,0,0,0,0,0,0,0,0,1,0,1,0,0,3,1,0,0,1,0,0,1,0,0,0,3,0,1,0,1,0,0,1,0,0,31,10,9,7,1,1,0,2,0,0,0,0,0,0,0,0,1,0,0,0,0,1,5,7,8,14,4,1,1,0,2,1,2,0,4
1,0,0,0,1,0,0,0,1,0,0,0,0,142,19,12,0,3,0,0,0,1,1,1,0,0,0,0,0,1,17,0,0,1,0,0,0,0,0,0,0,0,0,0,1,0,1,0,0,3,1,0,0,1,0,0,1,0,0,0,3,0,1,0,1,0,0,1,0,0,31,10,9,7,1,1,0,2,0,0,0,0,0,0,0,0,1,0,0,0,0,1,5,7,8,14,4,1,1,0,2,1,2,0,4
0,0,1,1,0,0,0,0,0,0,0,0,1,143,16,0,0,2,20,0,0,0,0,0,0,0,0,1,0,1,22,0,0,0,0,0,0,0,0,0,0,1,0,1,0,0,0,0,0,3,0,0,0,1,0,0,0,0,0,1,2,0,2,0,0,1,0,0,1,0,24,10,7,4,1,0,0,5,0,0,1,0,0,0,0,0,0,0,0,0,0,0,5,10,2,15,2,4,0,0,3,0,1,1,5
0,0,1,1,0,1,0,0,0,0,0,0,0,143,36,0,2,2,18,0,0,1,0,0,1,0,0,1,0,0,0,0,0,0,0,0,0,1,0,1,0,0,0,0,0,0,0,0,1,2,1,0,0,1,0,0,0,0,0,1,2,0,2,0,0,1,0,0,1,0,24,10,7,4,1,0,0,5,0,0,1,0,0,0,0,0,0,0,0,0,0,0,5,10,2,15,2,4,0,0,3,0,1,1,5
1,0,1,1,0,0,1,0,0,0,0,0,0,143,15,0,0,3,20,0,0,0,0,0,0,0,0,1,0,1,207,0,1,0,0,0,0,0,0,0,0,0,0,1,0,0,0,0,0,3,1,0,0,1,0,0,0,0,0,1,2,0,2,0,0,1,0,0,1,0,24,10,7,4,1,0,0,5,0,0,1,0,0,0,0,0,0,0,0,0,0,0,5,10,2,15,2,4,0,0,3,0,1,1,5
1,0,0,0,1,0,0,0,1,0,0,0,0,144,15,0,0,3,-1,0,0,0,1,1,0,0,0,0,0,1,21,0,1,1,0,0,0,1,0,0,0,0,0,0,0,0,0,0,0,1,1,0,0,1,0,1,4,0,0,0,2,1,1,0,0,2,0,0,0,2,31,10,10,6,0,0,0,3,0,0,0,0,0,0,0,0,0,0,0,0,1,0,4,7,4,23,6,2,0,0,4,0,0,0,7
1,0,0,0,1,0,0,0,1,0,0,0,0,144,21,0,1,4,-1,0,1,0,0,1,0,0,0,0,0,1,39,0,0,0,0,0,0,0,1,1,0,0,0,0,1,0,0,0,1,3,1,0,0,1,0,1,4,0,0,0,2,1,1,0,0,2,0,0,0,2,31,10,10,6,0,0,0,3,0,0,0,0,0,0,0,0,0,0,0,0,1,0,4,7,4,23,6,2,0,0,4,0,0,0,7
1,0,0,0,1,0,0,0,1,0,0,0,0,144,12,4,0,3,-1,1,0,1,1,0,0,0,0,0,0,1,51,0,1,0,0,0,0,0,1,0,0,0,0,0,1,0,0,0,0,3,1,0,0,1,0,1,4,0,0,0,2,1,1,0,0,2,0,0,0,2,31,10,10,6,0,0,0,3,0,0,0,0,0,0,0,0,0,0,0,0,1,0,4,7,4,23,6,2,0,0,4,0,0,0,7
1,0,0,0,1,0,0,0,1,0,0,0,0,145,14,0,0,5,-1,0,0,0,1,1,0,1,0,0,0,1,70,0,1,0,0,0,0,0,0,0,0,0,0,0,0,0,0,1,1,3,0,0,0,2,0,0,3,0,0,0,2,1,0,0,0,0,2,0,0,0,26,9,9,6,1,0,0,5,1,0,0,0,0,0,0,0,0,0,0,0,0,0,4,9,4,17,2,2,0,0,3,0,1,0,2
1,0,0,0,1,0,0,0,1,0,0,0,0,145,10,0,0,3,-1,0,0,1,0,1,0,0,0,0,0,1,52,0,0,0,0,0,0,0,1,1,0,0,0,0,0,0,0,0,0,3,0,0,0,2,0,0,3,0,0,0,2,1,0,0,0,0,2,0,0,0,26,9,9,6,1,0,0,5,1,0,0,0,0,0,0,0,0,0,0,0,0,0,4,9,4,17,2,2,0,0,3,0,1,0,2
1,0,0,0,1,0,0,0,1,0,0,0,0,145,33,0,0,2,39,0,1,0,1,0,0,0,1,0,0,0,0,0,0,1,0,0,0,0,0,0,0,0,1,0,0,0,0,0,0,1,1,0,1,2,0,0,3,0,0,0,2,1,0,0,0,0,2,0,0,0,26,9,9,6,1,0,0,5,1,0,0,0,0,0,0,0,0,0,0,0,0,0,4,9,4,17,2,2,0,0,3,0,1,0,2
0,1,0,0,0,0,0,0,0,1,0,0,0,145,17,0,0,4,-2,0,1,0,0,0,1,0,0,0,1,0,76,0,0,1,1,0,0,0,0,0,0,0,1,0,0,0,0,1,0,2,0,0,1,2,0,0,3,0,0,0,2,1,0,0,0,0,2,0,0,0,26,9,9,6,1,0,0,5,1,0,0,0,0,0,0,0,0,0,0,0,0,0,4,9,4,17,2,2,0,0,3,0,1,0,2
1,0,0,0,1,0,0,1,0,0,0,0,0,146,33,1,3,11,0,0,0,0,1,1,0,0,0,1,0,1,53,0,0,0,0,0,0,1,0,0,1,0,0,0,0,0,0,0,1,0,1,0,0,1,0,0,3,0,0,0,4,1,0,0,0,0,0,1,2,0,23,8,8,4,0,0,0,3,0,0,0,0,0,0,0,0,0,0,1,0,0,1,4,10,3,25,0,1,0,0,2,1,1,0,9
1,0,0,0,1,0,0,0,1,0,0,0,0,146,9,0,0,2,-1,1,0,0,1,0,0,0,0,0,0,1,33,0,1,0,0,0,0,0,1,0,0,0,0,0,1,0,0,0,0,3,1,0,0,1,0,0,3,0,0,0,4,1,0,0,0,0,0,1,2,0,23,8,8,4,0,0,0,3,0,0,0,0,0,0,0,0,0,0,1,0,0,1,4,10,3,25,0,1,0,0,2,1,1,0,9
1,0,1,0,0,0,0,1,0,0,0,0,0,146,21,0,0,2,0,0,0,0,1,1,0,0,0,1,0,1,29,0,1,0,0,0,0,0,0,1,0,0,1,0,1,0,0,0,0,3,0,0,0,1,0,0,3,0,0,0,4,1,0,0,0,0,0,1,2,0,23,8,8,4,0,0,0,3,0,0,0,0,0,0,0,0,0,0,1,0,0,1,4,10,3,25,0,1,0,0,2,1,1,0,9
1,0,0,0,1,0,0,0,1,0,0,0,0,147,12,0,0,2,-1,1,1,0,0,1,0,0,0,0,0,0,81,0,0,0,0,0,0,0,0,0,0,0,0,0,1,0,0,0,0,3,1,0,0,3,0,0,2,0,0,0,3,0,1,0,3,0,1,0,1,1,30,10,8,7,0,0,0,2,0,0,0,0,0,0,1,0,0,0,0,0,0,1,5,5,3,12,5,3,0,0,2,2,1,0,8
1,0,0,0,1,0,0,0,1,0,0,0,0,147,30,1,1,3,-1,0,0,1,0,1,0,1,0,0,0,1,65,0,0,0,0,0,0,0,1,0,0,0,0,0,0,0,0,0,0,2,1,0,0,3,0,0,2,0,0,0,3,0,1,0,3,0,1,0,1,1,30,10,8,7,0,0,0,2,0,0,0,0,0,0,1,0,0,0,0,0,0,1,5,5,3,12,5,3,0,0,2,2,1,0,8
0,0,0,0,0,0,0,0,1,0,0,0,0,149,17,3,0,2,0,1,1,0,0,1,0,0,0,0,0,1,32,0,0,1,0,0,0,0,0,0,0,0,0,0,1,0,0,0,1,1,1,0,0,2,0,0,2,0,0,0,2,0,0,1,1,0,3,2,0,0,27,10,9,5,0,0,0,5,0,0,0,0,0,0,0,0,0,0,1,0,0,0,4,8,5,9,0,1,0,0,2,0,2,0,0
0,0,0,0,0,0,0,1,0,0,0,0,0,149,41,0,0,3,0,0,1,0,1,0,0,0,0,0,0,1,33,0,-1,-1,-1,-1,-1,-1,-1,-1,-1,-1,-1,-1,-1,-1,-1,-1,-1,2,1,0,0,2,0,0,2,0,0,0,2,0,0,1,1,0,3,2,0,0,27,10,9,5,0,0,0,5,0,0,0,0,0,0,0,0,0,0,1,0,0,0,4,8,5,9,0,1,0,0,2,0,2,0,0
1,0,0,0,0,0,0,1,0,0,0,0,0,149,13,0,0,2,0,0,1,0,0,1,1,0,0,0,0,1,35,0,0,0,0,0,0,0,0,0,0,0,0,0,0,0,0,0,1,0,1,0,0,2,0,0,2,0,0,0,2,0,0,1,1,0,3,2,0,0,27,10,9,5,0,0,0,5,0,0,0,0,0,0,0,0,0,0,1,0,0,0,4,8,5,9,0,1,0,0,2,0,2,0,0
1,0,0,0,0,0,0,1,0,0,0,0,0,149,11,0,0,2,-1,0,0,0,0,1,0,0,0,0,0,1,17,0,0,0,0,0,0,0,0,0,0,0,0,0,0,0,0,0,1,0,1,0,0,2,0,0,2,0,0,0,2,0,0,1,1,0,3,2,0,0,27,10,9,5,0,0,0,5,0,0,0,0,0,0,0,0,0,0,1,0,0,0,4,8,5,9,0,1,0,0,2,0,2,0,0
0,0,0,0,1,0,0,0,1,0,0,0,0,150,50,0,1,4,-1,1,1,0,0,0,0,0,0,0,0,1,59,0,0,0,0,0,0,0,1,0,0,0,0,0,0,0,0,0,0,2,1,0,0,2,0,0,3,0,0,0,0,0,1,0,1,1,2,1,0,0,25,9,9,5,0,0,0,5,0,0,0,0,0,0,0,0,0,0,1,0,0,0,4,8,1,13,5,2,0,0,2,0,2,0,3
0,0,0,0,0,0,0,0,1,0,0,0,0,150,6,2,0,2,-2,0,0,0,0,1,0,0,0,0,0,1,9,0,0,1,0,0,0,0,0,0,0,0,0,0,0,0,0,0,1,0,1,0,0,2,0,0,3,0,0,0,0,0,1,0,1,1,2,1,0,0,25,9,9,5,0,0,0,5,0,0,0,0,0,0,0,0,0,0,1,0,0,0,4,8,1,13,5,2,0,0,2,0,2,0,3
0,0,0,0,1,0,0,0,1,0,0,0,0,150,34,0,0,3,-1,0,0,0,1,1,0,0,0,0,0,1,7,0,0,0,0,0,0,0,0,0,0,0,0,0,0,0,0,0,1,3,1,0,0,2,0,0,3,0,0,0,0,0,1,0,1,1,2,1,0,0,25,9,9,5,0,0,0,5,0,0,0,0,0,0,0,0,0,0,1,0,0,0,4,8,1,13,5,2,0,0,2,0,2,0,3
1,0,1,0,0,1,0,0,0,0,0,0,0,151,21,0,0,2,1,0,0,0,0,1,0,0,0,0,0,1,33,0,0,0,1,0,0,0,0,0,0,0,0,0,0,0,0,0,1,0,1,0,0,2,1,0,2,0,0,0,0,0,1,1,0,1,1,0,0,1,21,10,7,2,0,0,0,2,0,0,0,0,0,0,1,0,0,0,0,0,0,0,3,4,1,24,2,2,0,0,3,0,0,0,0
1,0,0,0,0,1,0,0,0,0,0,0,0,151,29,0,0,2,1,1,0,0,0,1,0,0,1,0,0,1,15,0,1,0,1,1,0,0,0,0,0,0,0,0,0,0,0,0,0,0,0,0,0,2,1,0,2,0,0,0,0,0,1,1,0,1,1,0,0,1,21,10,7,2,0,0,0,2,0,0,0,0,0,0,1,0,0,0,0,0,0,0,3,4,1,24,2,2,0,0,3,0,0,0,0
1,0,1,0,0,0,0,1,0,0,0,0,0,152,25,3,0,4,0,1,1,0,0,1,0,0,0,0,0,1,25,0,0,0,0,0,0,1,0,0,0,0,0,0,1,0,0,0,0,1,1,0,0,1,0,0,2,0,0,0,0,0,0,0,0,0,0,0,0,1,23,8,7,6,0,0,0,5,0,0,0,0,1,0,0,0,0,0,0,0,0,0,2,2,3,4,3,0,0,0,0,1,1,0,4
1,0,0,0,1,0,0,0,1,0,0,0,0,152,16,0,0,3,0,0,0,0,0,1,0,0,1,1,0,0,28,0,1,0,0,0,1,0,0,0,0,0,0,0,0,0,0,0,0,1,1,0,0,1,0,0,2,0,0,0,0,0,0,0,0,0,0,0,0,1,23,8,7,6,0,0,0,5,0,0,0,0,1,0,0,0,0,0,0,0,0,0,2,2,3,4,3,0,0,0,0,1,1,0,4
0,1,0,0,1,0,0,0,1,0,0,0,0,152,19,0,0,2,0,0,0,0,1,1,0,0,0,0,1,0,41,0,0,0,0,0,0,1,0,0,1,0,0,0,1,0,0,0,0,2,0,0,0,1,0,0,2,0,0,0,0,0,0,0,0,0,0,0,0,1,23,8,7,6,0,0,0,5,0,0,0,0,1,0,0,0,0,0,0,0,0,0,2,2,3,4,3,0,0,0,0,1,1,0,4
1,0,0,0,1,0,0,0,1,0,0,0,0,152,4,0,0,3,0,0,1,0,0,1,0,0,0,0,0,0,59,0,0,1,0,0,1,0,0,0,0,0,0,0,1,0,0,1,0,1,1,0,0,1,0,0,2,0,0,0,0,0,0,0,0,0,0,0,0,1,23,8,7,6,0,0,0,5,0,0,0,0,1,0,0,0,0,0,0,0,0,0,2,2,3,4,3,0,0,0,0,1,1,0,4
0,0,0,0,0,0,0,1,0,0,0,0,0,153,29,8,0,2,0,0,0,0,1,0,1,0,1,0,0,1,57,0,0,0,0,0,0,0,0,0,0,0,0,0,0,0,0,0,1,0,1,0,0,3,0,0,1,0,2,1,3,1,0,0,1,2,2,1,1,0,25,10,9,4,1,0,0,5,0,0,0,0,0,0,0,0,1,0,0,0,0,1,2,8,0,18,0,0,0,0,2,0,0,0,10
1,0,0,0,0,0,0,1,0,0,0,0,0,153,17,0,0,2,0,0,0,0,0,0,0,0,0,1,0,1,29,0,0,0,0,0,0,0,0,0,0,0,0,0,0,0,0,0,1,0,1,0,0,3,0,0,1,0,2,1,3,1,0,0,1,2,2,1,1,0,25,10,9,4,1,0,0,5,0,0,0,0,0,0,0,0,1,0,0,0,0,1,2,8,0,18,0,0,0,0,2,0,0,0,10
0,0,0,0,0,0,0,1,0,0,0,0,0,153,12,2,0,3,0,0,1,0,0,1,0,0,0,0,0,1,34,0,0,1,0,0,0,0,0,0,0,0,0,1,0,0,0,0,0,2,1,0,0,3,0,0,1,0,2,1,3,1,0,0,1,2,2,1,1,0,25,10,9,4,1,0,0,5,0,0,0,0,0,0,0,0,1,0,0,0,0,1,2,8,0,18,0,0,0,0,2,0,0,0,10
0,0,0,0,0,0,0,1,0,0,0,0,0,153,16,0,0,2,-1,0,0,0,0,1,0,0,0,0,0,0,7,0,1,0,0,0,0,0,0,0,0,0,0,0,0,0,0,0,1,0,0,0,0,3,0,0,1,0,2,1,3,1,0,0,1,2,2,1,1,0,25,10,9,4,1,0,0,5,0,0,0,0,0,0,0,0,1,0,0,0,0,1,2,8,0,18,0,0,0,0,2,0,0,0,10
1,0,1,1,0,0,0,1,0,0,0,0,0,154,36,5,22,3,4,0,0,0,0,1,0,0,0,1,0,1,53,0,1,0,0,0,0,1,0,0,0,0,0,1,0,0,0,0,0,1,1,0,0,2,0,0,3,0,1,0,1,0,1,0,0,0,2,1,0,0,24,8,7,6,0,1,0,5,0,0,0,0,0,0,0,1,0,0,0,0,0,0,3,13,1,21,2,2,0,0,3,0,0,0,5
1,0,0,0,1,0,0,0,1,0,0,0,0,154,15,0,0,3,-1,0,1,1,0,1,0,0,0,0,0,1,27,0,0,0,0,0,0,0,0,0,0,0,0,0,1,0,0,0,1,2,1,0,0,2,0,0,3,0,1,0,1,0,1,0,0,0,2,1,0,0,24,8,7,6,0,1,0,5,0,0,0,0,0,0,0,1,0,0,0,0,0,0,3,13,1,21,2,2,0,0,3,0,0,0,5
1,0,0,0,1,0,0,0,1,0,0,0,0,155,15,0,2,2,0,1,0,1,0,1,0,0,0,0,0,1,23,0,0,0,0,0,0,0,1,0,0,0,0,0,1,0,0,0,0,3,0,0,0,1,1,0,2,0,0,0,3,0,1,0,0,0,1,0,0,0,27,10,9,6,1,1,0,4,0,0,0,0,0,0,0,0,0,1,0,0,0,1,5,6,4,19,1,3,0,0,5,0,0,0,6
1,0,0,0,1,0,0,0,1,0,0,0,0,155,22,5,0,2,0,1,0,0,0,1,0,0,0,0,0,1,42,0,0,0,0,0,0,0,1,1,0,0,1,0,1,0,0,0,0,3,1,0,0,1,1,0,2,0,0,0,3,0,1,0,0,0,1,0,0,0,27,10,9,6,1,1,0,4,0,0,0,0,0,0,0,0,0,1,0,0,0,1,5,6,4,19,1,3,0,0,5,0,0,0,6
1,0,1,1,0,0,0,1,0,0,0,0,0,156,11,0,0,3,0,0,0,0,0,1,0,0,0,1,0,1,69,0,0,0,0,0,0,0,0,0,0,0,0,0,0,0,0,0,1,0,1,0,0,1,0,0,1,0,0,0,1,0,0,2,0,2,1,0,0,2,20,9,6,3,0,0,0,3,0,0,0,1,0,0,0,0,0,0,0,0,0,0,3,5,4,21,3,2,0,0,2,0,1,0,2
1,0,0,0,1,0,0,0,1,0,0,0,0,158,33,0,0,2,39,0,1,0,1,0,0,0,1,0,0,0,0,0,0,1,0,0,0,0,0,0,0,0,1,0,0,0,0,0,0,1,1,0,1,1,0,0,3,1,0,0,2,0,1,0,1,1,1,0,0,0,16,10,5,1,0,0,0,4,0,0,0,0,0,0,0,1,0,0,0,0,0,0,4,5,2,17,0,0,0,0,3,1,0,0,0
1,0,1,1,0,0,0,1,0,0,0,0,0,158,31,0,0,4,4,0,0,0,1,1,0,0,0,0,0,1,73,0,1,0,0,0,0,1,0,0,0,0,0,0,0,0,0,0,1,0,1,0,0,1,0,0,3,1,0,0,2,0,1,0,1,1,1,0,0,0,16,10,5,1,0,0,0,4,0,0,0,0,0,0,0,1,0,0,0,0,0,0,4,5,2,17,0,0,0,0,3,1,0,0,0
1,0,0,0,1,0,0,0,1,0,0,0,0,158,29,0,0,6,-1,0,1,1,0,0,0,0,0,0,0,1,34,0,0,1,0,0,0,0,0,0,0,0,0,0,1,0,0,0,0,2,0,0,0,1,0,0,3,1,0,0,2,0,1,0,1,1,1,0,0,0,16,10,5,1,0,0,0,4,0,0,0,0,0,0,0,1,0,0,0,0,0,0,4,5,2,17,0,0,0,0,3,1,0,0,0
0,0,0,0,0,0,0,0,0,0,1,0,0,158,12,3,0,4,-1,1,0,0,0,1,1,0,0,0,0,1,30,0,1,1,0,0,0,0,0,0,0,0,0,0,1,0,0,0,1,3,0,0,0,1,0,0,3,1,0,0,2,0,1,0,1,1,1,0,0,0,16,10,5,1,0,0,0,4,0,0,0,0,0,0,0,1,0,0,0,0,0,0,4,5,2,17,0,0,0,0,3,1,0,0,0
1,0,1,1,0,0,0,1,0,0,0,0,0,159,15,2,8,3,0,0,0,0,1,1,0,0,0,1,0,1,65,0,0,0,0,0,0,1,0,1,0,0,0,1,0,0,0,0,0,3,1,0,0,0,0,1,1,0,0,0,2,0,0,0,2,0,2,0,0,0,21,9,8,4,1,1,1,5,0,0,0,0,0,0,0,0,1,0,0,0,0,1,3,7,1,23,0,3,0,0,3,0,0,0,10
0,1,0,1,1,0,0,0,0,0,0,0,1,159,32,0,0,3,9,0,0,0,0,0,0,0,1,1,0,1,125,0,0,0,0,0,0,0,0,0,0,1,0,1,0,0,0,0,0,3,1,0,0,0,0,1,1,0,0,0,2,0,0,0,2,0,2,0,0,0,21,9,8,4,1,1,1,5,0,0,0,0,0,0,0,0,1,0,0,0,0,1,3,7,1,23,0,3,0,0,3,0,0,0,10
0,1,1,1,0,0,1,0,0,0,0,0,0,159,16,11,0,3,0,0,1,1,0,1,0,0,0,0,0,1,63,0,0,0,0,0,0,0,0,0,0,0,0,1,0,0,0,0,0,2,0,0,0,0,0,1,1,0,0,0,2,0,0,0,2,0,2,0,0,0,21,9,8,4,1,1,1,5,0,0,0,0,0,0,0,0,1,0,0,0,0,1,3,7,1,23,0,3,0,0,3,0,0,0,10
1,0,0,0,1,0,0,0,1,0,0,0,0,160,17,0,0,3,-1,0,0,1,1,0,0,0,0,0,0,0,15,0,0,0,0,0,0,0,1,0,0,0,0,0,1,0,0,0,0,2,1,0,0,1,0,0,1,0,1,0,0,1,1,1,1,0,0,1,0,1,25,9,8,6,1,1,0,3,0,0,0,0,0,0,1,0,0,0,0,0,0,0,7,2,3,16,7,3,0,0,5,0,2,0,5
1,0,0,0,1,0,0,0,1,0,0,0,0,160,14,0,0,5,-1,0,0,0,1,1,0,1,0,0,0,1,70,0,1,0,0,0,0,0,0,0,0,0,0,0,0,0,0,1,1,3,0,0,0,1,0,0,1,0,1,0,0,1,1,1,1,0,0,1,0,1,25,9,8,6,1,1,0,3,0,0,0,0,0,0,1,0,0,0,0,0,0,0,7,2,3,16,7,3,0,0,5,0,2,0,5
0,1,1,0,0,1,0,0,0,0,0,0,0,160,17,0,0,3,0,0,1,0,0,1,0,0,0,1,0,0,44,0,1,0,0,0,0,0,1,0,0,0,0,0,1,0,0,0,0,0,1,0,0,1,0,0,1,0,1,0,0,1,1,1,1,0,0,1,0,1,25,9,8,6,1,1,0,3,0,0,0,0,0,0,1,0,0,0,0,0,0,0,7,2,3,16,7,3,0,0,5,0,2,0,5
1,0,0,0,1,0,0,0,1,0,0,0,0,162,8,1,0,3,0,0,1,1,0,1,0,0,0,0,0,0,89,0,0,0,0,0,0,0,0,0,0,0,0,0,1,0,0,0,0,3,1,0,0,2,0,0,3,0,0,0,0,1,0,2,1,0,1,0,0,2,21,10,7,3,0,0,0,3,0,0,0,0,1,0,0,0,0,0,0,0,0,0,8,4,5,11,12,0,0,0,2,4,2,0,0
1,0,0,0,1,0,0,0,1,0,0,0,0,162,13,0,0,2,0,0,0,0,1,1,0,0,1,0,0,1,19,0,0,0,0,0,0,1,1,0,0,0,0,0,1,0,0,0,0,2,1,0,0,2,0,0,3,0,0,0,0,1,0,2,1,0,1,0,0,2,21,10,7,3,0,0,0,3,0,0,0,0,1,0,0,0,0,0,0,0,0,0,8,4,5,11,12,0,0,0,2,4,2,0,0
1,0,0,0,1,0,0,0,1,0,0,0,0,162,9,0,0,2,0,0,1,0,0,0,0,0,0,0,0,0,3,0,1,0,0,0,0,1,0,0,0,0,0,0,1,0,0,0,0,0,1,0,0,2,0,0,3,0,0,0,0,1,0,2,1,0,1,0,0,2,21,10,7,3,0,0,0,3,0,0,0,0,1,0,0,0,0,0,0,0,0,0,8,4,5,11,12,0,0,0,2,4,2,0,0
1,0,0,0,1,0,0,0,1,0,0,0,0,163,15,3,0,3,0,1,1,1,0,0,0,0,0,0,0,1,53,0,0,1,0,0,0,0,0,0,0,0,0,0,1,0,0,0,0,3,1,0,0,3,1,0,2,0,0,0,0,0,1,0,1,1,0,1,0,0,23,10,9,3,1,0,0,4,0,0,0,0,1,0,0,0,0,0,0,0,0,0,3,5,3,14,4,1,0,0,1,0,2,1,4
1,0,0,0,1,0,0,0,1,0,0,0,0,163,35,5,0,2,8,1,0,1,0,1,0,0,0,0,0,1,37,0,0,1,0,0,0,0,0,0,0,0,0,0,1,0,0,0,0,2,0,0,0,3,1,0,2,0,0,0,0,0,1,0,1,1,0,1,0,0,23,10,9,3,1,0,0,4,0,0,0,0,1,0,0,0,0,0,0,0,0,0,3,5,3,14,4,1,0,0,1,0,2,1,4
0,1,0,0,0,0,0,0,0,0,0,1,0,163,13,0,0,3,6,0,1,0,1,0,1,0,0,0,0,1,135,0,-1,-1,-1,-1,-1,-1,-1,-1,-1,-1,-1,-1,-1,-1,-1,-1,-1,0,1,0,0,3,1,0,2,0,0,0,0,0,1,0,1,1,0,1,0,0,23,10,9,3,1,0,0,4,0,0,0,0,1,0,0,0,0,0,0,0,0,0,3,5,3,14,4,1,0,0,1,0,2,1,4
0,0,0,0,0,0,0,0,0,0,1,0,0,163,23,3,0,4,-2,0,0,0,0,0,0,1,0,1,0,1,20,0,0,1,0,0,0,0,0,0,0,0,0,0,0,0,0,0,1,2,0,0,1,3,1,0,2,0,0,0,0,0,1,0,1,1,0,1,0,0,23,10,9,3,1,0,0,4,0,0,0,0,1,0,0,0,0,0,0,0,0,0,3,5,3,14,4,1,0,0,1,0,2,1,4
1,0,1,0,0,1,0,0,0,0,0,0,0,164,12,0,0,3,0,0,0,0,0,1,1,0,0,0,0,1,13,0,0,0,0,1,0,0,0,0,0,0,0,0,0,0,0,0,0,0,1,0,0,2,0,0,1,0,0,0,2,0,0,0,1,0,2,0,0,0,22,9,8,4,0,1,0,3,0,0,0,0,0,0,0,1,0,0,0,0,0,0,3,5,3,20,2,0,0,0,1,0,2,0,0
1,0,1,0,0,1,0,0,0,0,0,0,0,164,5,0,0,2,-1,0,0,0,0,1,0,0,0,0,0,0,7,0,0,0,0,1,0,0,0,0,0,0,0,0,0,0,0,0,0,2,1,0,0,2,0,0,1,0,0,0,2,0,0,0,1,0,2,0,0,0,22,9,8,4,0,1,0,3,0,0,0,0,0,0,0,1,0,0,0,0,0,0,3,5,3,20,2,0,0,0,1,0,2,0,0
1,0,1,0,0,1,0,0,0,0,0,0,0,164,5,0,0,4,0,0,0,0,0,1,1,0,0,0,0,1,38,0,0,0,0,1,0,0,1,0,0,0,0,0,1,0,0,0,0,1,1,0,0,2,0,0,1,0,0,0,2,0,0,0,1,0,2,0,0,0,22,9,8,4,0,1,0,3,0,0,0,0,0,0,0,1,0,0,0,0,0,0,3,5,3,20,2,0,0,0,1,0,2,0,0
1,0,0,0,1,0,0,0,1,0,0,0,0,165,30,0,0,5,0,0,1,0,0,1,0,0,0,0,0,1,4,0,0,0,0,0,0,0,0,0,0,0,0,0,1,0,0,0,0,2,0,0,0,1,0,0,5,0,0,1,2,0,0,3,1,0,1,0,0,2,24,9,8,6,0,1,0,2,0,0,1,0,0,0,0,0,0,0,0,0,0,0,5,8,6,4,6,0,0,0,2,3,0,0,2
1,0,0,0,1,0,0,0,1,0,0,0,0,166,14,0,0,3,-1,0,0,1,0,1,0,0,0,0,0,1,59,0,0,0,0,0,0,0,1,0,0,0,0,0,1,0,0,0,0,1,0,0,0,1,0,0,0,0,1,0,1,0,0,1,1,0,2,2,0,0,14,9,5,0,0,0,0,4,0,0,0,0,0,0,0,0,0,0,0,1,0,0,0,10,4,10,2,7,1,0,0,0,1,0,0
1,0,0,0,1,0,0,0,1,0,0,0,0,166,16,2,0,2,-1,0,0,0,1,1,0,0,0,1,0,0,29,0,0,0,0,0,0,1,0,0,0,0,0,0,1,0,0,0,0,3,0,0,0,1,0,0,0,0,1,0,1,0,0,1,1,0,2,2,0,0,14,9,5,0,0,0,0,4,0,0,0,0,0,0,0,0,0,0,0,1,0,0,0,10,4,10,2,7,1,0,0,0,1,0,0
1,0,0,0,1,0,0,0,1,0,0,0,0,167,24,0,0,2,0,0,1,0,0,1,0,0,0,0,0,1,61,0,0,0,0,0,0,0,0,0,0,0,1,0,1,1,0,0,1,2,1,0,0,4,0,0,1,0,0,0,1,0,0,1,3,0,2,0,0,2,20,10,7,2,0,0,0,2,0,0,0,0,1,0,0,0,0,0,0,0,0,1,5,11,3,14,7,2,0,0,2,1,2,0,2
1,0,0,0,1,0,0,0,1,0,0,0,0,167,17,0,0,2,6,0,1,1,0,1,0,0,0,0,0,1,61,0,0,0,0,0,0,0,0,0,0,0,0,0,1,0,0,0,0,1,1,0,0,4,0,0,1,0,0,0,1,0,0,1,3,0,2,0,0,2,20,10,7,2,0,0,0,2,0,0,0,0,1,0,0,0,0,0,0,0,0,1,5,11,3,14,7,2,0,0,2,1,2,0,2
0,0,0,0,0,0,0,1,0,0,0,0,0,168,17,9,0,2,0,1,1,0,0,0,1,0,0,0,0,1,123,0,0,0,0,0,0,0,0,0,0,0,0,0,0,0,0,0,1,1,0,0,0,3,0,0,2,0,1,0,2,0,0,0,0,0,1,0,0,0,21,9,5,4,0,0,0,5,1,0,0,0,0,0,0,0,0,0,0,0,0,0,3,8,5,14,0,1,0,0,3,0,0,0,1
0,0,0,0,0,0,0,1,0,0,0,0,0,168,11,0,0,1,-1,0,0,0,0,1,1,0,0,0,0,1,33,0,0,0,0,0,0,0,0,0,0,0,0,0,0,0,0,1,1,0,1,0,0,3,0,0,2,0,1,0,2,0,0,0,0,0,1,0,0,0,21,9,5,4,0,0,0,5,1,0,0,0,0,0,0,0,0,0,0,0,0,0,3,8,5,14,0,1,0,0,3,0,0,0,1
0,0,0,0,0,0,0,1,0,0,0,0,0,168,28,0,0,1,-1,0,0,0,0,0,0,0,0,1,0,0,11,0,0,0,0,0,0,0,0,0,1,0,0,0,0,0,0,0,1,0,0,0,0,3,0,0,2,0,1,0,2,0,0,0,0,0,1,0,0,0,21,9,5,4,0,0,0,5,1,0,0,0,0,0,0,0,0,0,0,0,0,0,3,8,5,14,0,1,0,0,3,0,0,0,1
0,0,1,0,0,0,1,0,0,0,0,0,0,169,23,4,1,3,-1,0,0,0,1,1,0,0,1,0,0,1,47,0,0,0,0,0,0,1,0,1,0,0,0,0,0,0,0,0,0,1,1,0,0,3,0,0,2,0,1,0,4,0,1,1,1,0,2,2,1,0,25,10,8,6,0,1,0,4,0,0,0,0,0,0,0,0,0,1,0,0,0,2,6,5,2,19,3,2,0,0,4,1,1,0,14
1,0,0,0,1,0,0,0,1,0,0,0,0,169,13,0,3,3,-1,0,0,0,0,1,0,0,1,0,0,1,56,0,0,0,0,0,0,0,0,0,0,1,0,0,0,0,0,0,0,1,0,1,0,3,0,0,2,0,1,0,4,0,1,1,1,0,2,2,1,0,25,10,8,6,0,1,0,4,0,0,0,0,0,0,0,0,0,1,0,0,0,2,6,5,2,19,3,2,0,0,4,1,1,0,14
1,0,0,0,1,0,0,0,1,0,0,0,0,169,12,0,1,3,-1,1,0,0,0,0,0,0,0,1,0,0,99,0,0,0,0,0,0,0,0,0,0,1,0,1,1,0,0,0,0,2,1,0,0,3,0,0,2,0,1,0,4,0,1,1,1,0,2,2,1,0,25,10,8,6,0,1,0,4,0,0,0,0,0,0,0,0,0,1,0,0,0,2,6,5,2,19,3,2,0,0,4,1,1,0,14
1,0,0,0,1,0,0,0,1,0,0,0,0,169,12,0,0,4,-1,0,1,1,0,0,0,0,0,0,0,1,95,0,0,1,0,0,0,0,0,0,1,1,0,0,0,0,0,0,0,2,1,0,0,3,0,0,2,0,1,0,4,0,1,1,1,0,2,2,1,0,25,10,8,6,0,1,0,4,0,0,0,0,0,0,0,0,0,1,0,0,0,2,6,5,2,19,3,2,0,0,4,1,1,0,14
0,0,0,0,1,1,0,0,0,0,0,0,0,170,10,3,0,6,0,0,0,0,0,0,0,0,0,0,1,0,53,0,0,1,0,0,0,0,0,0,0,0,0,0,1,0,0,0,0,3,0,0,0,2,0,0,1,0,0,1,3,0,0,0,0,0,3,1,0,0,26,10,8,6,0,0,0,1,0,0,0,0,0,0,0,1,0,0,0,0,0,0,4,11,3,11,2,2,0,0,2,0,2,0,3
1,0,0,0,1,0,0,0,1,0,0,0,0,171,16,0,2,2,-1,0,0,0,0,1,0,0,0,1,0,0,51,0,0,1,0,0,0,0,0,0,0,0,1,0,0,0,0,1,1,3,1,0,0,2,1,0,1,0,0,1,1,1,0,1,0,1,2,1,0,1,28,10,9,7,1,0,0,5,0,0,0,0,1,0,0,0,0,0,0,0,0,0,3,8,3,18,1,2,0,0,2,0,0,1,0
1,0,0,0,1,0,0,0,1,0,0,0,0,171,29,0,0,2,-1,0,0,0,1,1,0,0,0,0,0,1,24,0,1,0,0,0,0,0,0,0,0,0,0,0,1,0,0,0,0,3,1,0,0,2,1,0,1,0,0,1,1,1,0,1,0,1,2,1,0,1,28,10,9,7,1,0,0,5,0,0,0,0,1,0,0,0,0,0,0,0,0,0,3,8,3,18,1,2,0,0,2,0,0,1,0
1,0,0,0,1,0,0,0,1,0,0,0,0,171,35,0,0,3,-1,0,0,0,1,1,0,0,0,0,0,1,45,0,0,0,0,0,0,0,1,0,0,0,0,0,0,0,0,0,0,0,1,0,0,2,1,0,1,0,0,1,1,1,0,1,0,1,2,1,0,1,28,10,9,7,1,0,0,5,0,0,0,0,1,0,0,0,0,0,0,0,0,0,3,8,3,18,1,2,0,0,2,0,0,1,0
0,0,0,0,0,0,0,1,0,0,0,0,0,171,19,0,0,2,0,0,0,0,0,1,0,1,0,0,0,0,5,0,0,0,0,1,0,1,0,0,0,0,0,0,0,0,0,0,1,0,1,0,0,2,1,0,1,0,0,1,1,1,0,1,0,1,2,1,0,1,28,10,9,7,1,0,0,5,0,0,0,0,1,0,0,0,0,0,0,0,0,0,3,8,3,18,1,2,0,0,2,0,0,1,0
1,0,0,0,1,0,0,0,1,0,0,0,0,172,25,0,0,4,-1,1,0,0,0,1,0,0,0,0,0,1,82,0,0,0,0,0,0,0,0,0,0,0,0,0,1,0,0,0,0,2,1,0,0,3,0,0,2,0,1,1,2,0,1,0,0,1,3,1,1,0,21,9,7,4,1,1,0,3,0,0,1,0,0,0,0,0,0,0,0,0,0,0,4,4,2,10,1,3,1,0,2,1,1,0,5
0,1,0,0,0,0,0,0,0,0,1,0,0,173,23,2,0,3,0,1,1,0,1,0,0,0,0,0,0,0,43,0,1,1,0,0,0,0,0,0,0,0,0,0,0,0,0,0,1,1,1,0,0,2,0,0,0,0,0,0,2,1,0,1,0,0,2,1,0,0,26,10,7,5,0,1,0,3,0,0,0,0,0,0,0,0,0,0,1,0,0,1,2,5,1,20,0,1,0,0,3,0,0,0,6
1,0,0,0,1,0,0,0,1,0,0,0,0,175,17,0,0,6,0,0,1,0,0,1,0,0,0,0,0,0,0,0,1,1,0,0,0,0,0,0,0,0,0,0,1,0,0,0,0,3,0,0,0,0,0,0,1,0,0,0,0,0,0,0,0,1,0,0,0,0,24,8,8,4,0,0,0,2,0,0,0,1,0,0,0,0,0,0,0,0,0,0,3,8,1,12,2,2,0,0,3,0,0,0,0
1,0,0,0,1,0,0,0,1,0,0,0,0,176,25,0,2,4,0,0,0,1,0,1,0,1,0,0,0,0,39,0,-1,-1,-1,-1,-1,-1,-1,-1,-1,-1,-1,-1,-1,-1,-1,-1,-1,3,1,0,0,0,0,0,2,2,0,0,1,1,0,0,0,1,2,2,1,0,27,10,9,6,1,1,0,3,1,0,0,0,0,0,0,0,0,0,0,0,0,0,4,1,3,17,1,4,0,0,3,0,1,0,1
1,0,0,0,1,0,0,0,1,0,0,0,0,176,9,0,0,3,0,0,1,0,0,0,0,0,1,0,0,1,36,0,0,1,0,0,0,0,0,0,0,0,0,0,1,0,0,0,0,1,1,0,0,0,0,0,2,2,0,0,1,1,0,0,0,1,2,2,1,0,27,10,9,6,1,1,0,3,1,0,0,0,0,0,0,0,0,0,0,0,0,0,4,1,3,17,1,4,0,0,3,0,1,0,1
0,0,0,0,0,0,0,1,0,0,0,0,0,176,16,0,0,3,1,0,1,0,1,0,0,0,0,0,0,1,117,0,0,0,0,0,0,0,0,0,1,0,0,0,0,1,1,0,1,0,1,0,0,0,0,0,2,2,0,0,1,1,0,0,0,1,2,2,1,0,27,10,9,6,1,1,0,3,1,0,0,0,0,0,0,0,0,0,0,0,0,0,4,1,3,17,1,4,0,0,3,0,1,0,1
1,0,1,0,0,0,0,1,0,0,0,0,0,178,17,0,0,2,0,0,0,0,1,0,0,0,0,0,0,0,93,0,1,0,0,0,0,1,0,0,0,0,1,0,0,0,0,0,0,1,1,0,0,1,0,0,0,0,0,0,0,0,1,0,0,1,0,0,0,0,30,10,10,6,0,0,0,1,0,0,0,1,0,0,0,0,0,0,0,0,0,0,4,12,1,21,0,0,0,0,4,0,0,0,2
1,0,0,0,1,0,0,0,1,0,0,0,0,179,17,0,0,4,0,0,1,0,0,1,0,0,0,0,0,1,13,0,0,1,0,0,0,0,0,0,0,0,0,0,1,0,0,0,0,2,1,0,0,0,0,0,2,0,0,0,2,0,1,0,1,1,7,0,0,0,22,9,7,3,0,0,0,3,0,0,0,0,0,0,0,0,0,0,1,0,0,0,3,10,0,16,0,1,0,0,2,0,1,0,1
1,0,1,1,0,0,0,1,0,0,0,0,0,180,27,0,0,3,1,1,0,0,0,1,0,0,0,0,0,1,122,0,1,0,0,0,0,1,0,0,0,0,0,0,0,0,0,0,1,3,1,0,0,1,0,0,1,0,0,1,3,0,1,1,0,0,3,0,0,1,30,10,9,7,1,0,0,2,0,0,0,0,0,0,0,0,0,0,1,0,0,1,5,7,3,17,5,1,0,0,4,0,1,0,7
1,0,0,0,1,0,0,0,1,0,0,0,0,181,18,0,0,2,0,0,1,1,0,1,0,0,0,0,0,0,55,0,1,1,0,0,0,0,0,0,0,0,0,0,1,0,0,0,0,3,1,0,0,0,1,0,1,2,0,1,1,0,2,0,1,0,4,0,0,0,25,10,9,4,0,0,0,3,0,0,0,0,1,0,0,0,0,0,0,0,0,0,3,5,2,22,1,0,0,0,2,0,1,0,8
1,0,1,1,0,0,0,1,0,0,0,0,0,182,15,0,0,2,3,0,0,1,0,1,0,0,0,0,1,1,120,0,1,0,0,0,0,0,0,0,0,0,0,0,0,0,0,0,1,1,1,0,0,2,0,0,4,0,0,2,3,0,2,0,1,1,1,0,2,0,22,8,7,6,0,0,0,3,0,0,0,0,0,0,0,0,0,0,1,0,0,0,2,0,4,14,0,2,0,0,1,0,0,1,1
0,0,0,0,0,0,0,0,0,1,0,0,0,182,22,0,1,2,5,0,0,0,0,1,0,0,0,0,0,1,66,0,0,1,0,0,0,0,0,0,0,0,1,0,0,0,0,0,0,0,1,0,1,2,0,0,4,0,0,2,3,0,2,0,1,1,1,0,2,0,22,8,7,6,0,0,0,3,0,0,0,0,0,0,0,0,0,0,1,0,0,0,2,0,4,14,0,2,0,0,1,0,0,1,1
0,0,0,0,0,0,0,0,0,0,0,0,1,184,16,0,4,4,0,0,1,0,0,1,0,0,0,0,0,1,182,0,0,1,0,0,0,0,0,0,0,1,0,0,1,0,0,1,0,0,1,1,0,1,0,0,0,0,0,0,3,0,0,0,0,1,0,0,0,0,36,10,10,8,0,0,0,5,0,0,0,0,0,0,0,0,0,1,0,0,0,1,2,11,4,12,0,5,0,0,2,0,0,0,3
0,0,0,0,0,1,0,0,0,0,0,0,0,184,10,0,0,1,1,0,0,0,0,1,0,0,0,1,0,1,30,0,1,1,0,0,0,0,0,0,0,0,0,0,1,0,0,1,0,1,0,0,0,1,0,0,0,0,0,0,3,0,0,0,0,1,0,0,0,0,36,10,10,8,0,0,0,5,0,0,0,0,0,0,0,0,0,1,0,0,0,1,2,11,4,12,0,5,0,0,2,0,0,0,3
0,0,0,0,0,0,0,1,0,0,0,0,0,185,20,0,0,2,4,0,1,0,1,1,0,0,0,0,0,1,72,0,0,0,0,0,0,0,0,0,0,0,0,0,0,0,0,0,1,0,1,0,0,1,0,0,3,0,0,0,3,0,0,0,1,1,3,1,0,0,27,10,9,6,1,1,0,3,0,0,0,0,0,0,0,0,0,1,0,0,0,0,3,11,4,16,2,4,0,0,3,0,0,0,0
1,0,1,0,0,1,0,0,0,0,0,0,0,186,24,2,0,3,0,1,0,0,0,0,0,0,0,1,0,1,95,0,1,0,0,0,0,0,0,0,0,0,0,0,1,0,0,0,0,0,1,0,0,1,0,1,1,0,0,0,2,0,0,1,0,2,0,0,0,0,29,10,9,6,0,1,0,4,0,0,0,0,0,0,0,0,0,0,0,0,1,0,3,10,5,9,0,1,0,0,3,0,0,0,2
1,0,1,0,0,0,0,1,0,0,0,0,0,186,9,3,0,2,1,1,0,0,1,0,0,0,0,0,0,1,37,0,0,0,0,0,0,0,0,0,0,0,0,0,0,0,0,0,1,3,1,0,0,1,0,1,1,0,0,0,2,0,0,1,0,2,0,0,0,0,29,10,9,6,0,1,0,4,0,0,0,0,0,0,0,0,0,0,0,0,1,0,3,10,5,9,0,1,0,0,3,0,0,0,2
1,0,1,1,0,0,0,1,0,0,0,0,0,187,25,0,3,2,0,1,0,0,0,1,0,0,0,1,0,1,71,0,1,0,0,0,0,0,0,0,1,0,0,0,0,0,0,0,1,2,1,0,0,0,0,0,1,1,1,1,1,0,0,0,0,0,1,2,0,0,23,10,8,4,1,1,0,5,1,0,0,0,0,0,0,0,0,0,0,0,0,0,3,6,9,14,5,0,0,0,0,0,3,0,4
0,0,1,1,0,1,0,0,0,0,0,0,0,187,13,0,0,3,-3,-1,-1,-1,-1,-1,-1,-1,-1,-1,-1,0,0,0,1,0,0,0,0,1,0,0,0,0,0,0,0,0,0,0,1,1,1,0,0,0,0,0,1,1,1,1,1,0,0,0,0,0,1,2,0,0,23,10,8,4,1,1,0,5,1,0,0,0,0,0,0,0,0,0,0,0,0,0,3,6,9,14,5,0,0,0,0,0,3,0,4
1,0,0,0,1,0,0,0,1,0,0,0,0,187,18,0,0,3,-1,0,1,0,1,1,0,0,0,0,0,1,52,0,1,0,0,0,0,0,0,0,0,0,0,1,0,0,0,0,0,2,1,0,0,0,0,0,1,1,1,1,1,0,0,0,0,0,1,2,0,0,23,10,8,4,1,1,0,5,1,0,0,0,0,0,0,0,0,0,0,0,0,0,3,6,9,14,5,0,0,0,0,0,3,0,4
0,1,1,1,0,0,0,0,0,0,0,0,1,188,21,15,7,5,2,1,0,0,0,0,0,0,1,0,0,1,55,1,0,0,0,0,0,0,0,0,0,0,0,1,0,0,0,0,0,0,1,1,0,0,0,1,2,0,2,0,1,0,0,0,0,0,3,0,0,0,32,10,10,7,1,0,0,5,1,0,0,0,0,0,0,0,0,0,0,0,0,0,4,10,5,18,0,3,0,0,3,0,1,0,3
1,0,1,1,0,0,1,0,0,0,0,0,0,190,15,0,0,3,5,0,0,0,0,1,0,0,0,1,0,1,64,0,1,0,0,0,0,0,0,1,0,0,0,0,0,0,0,0,1,1,1,0,0,2,0,0,2,0,0,0,2,0,1,0,0,1,2,0,1,0,32,10,8,7,0,1,0,5,0,0,0,0,0,0,0,0,0,0,1,0,0,0,3,6,6,24,0,0,0,0,1,0,2,0,1
1,0,1,1,0,0,1,0,0,0,0,0,0,190,22,0,0,1,3,0,0,0,0,0,0,0,0,1,0,1,34,0,0,0,0,0,0,0,0,1,0,0,0,0,0,0,0,0,1,2,1,0,0,2,0,0,2,0,0,0,2,0,1,0,0,1,2,0,1,0,32,10,8,7,0,1,0,5,0,0,0,0,0,0,0,0,0,0,1,0,0,0,3,6,6,24,0,0,0,0,1,0,2,0,1
1,0,1,1,0,0,1,0,0,0,0,0,0,190,16,0,5,2,5,0,0,0,0,1,0,0,0,1,0,1,43,2,0,0,0,0,0,0,0,0,1,0,0,1,0,0,0,0,0,0,0,0,0,2,0,0,2,0,0,0,2,0,1,0,0,1,2,0,1,0,32,10,8,7,0,1,0,5,0,0,0,0,0,0,0,0,0,0,1,0,0,0,3,6,6,24,0,0,0,0,1,0,2,0,1
1,0,1,1,0,0,1,0,0,0,0,0,0,190,11,0,2,4,3,0,0,0,1,1,0,0,0,1,0,1,37,0,1,0,0,0,0,0,0,1,0,0,0,0,0,0,0,0,1,0,1,0,0,2,0,0,2,0,0,0,2,0,1,0,0,1,2,0,1,0,32,10,8,7,0,1,0,5,0,0,0,0,0,0,0,0,0,0,1,0,0,0,3,6,6,24,0,0,0,0,1,0,2,0,1
1,0,1,1,0,0,1,0,0,0,0,0,0,191,27,0,0,4,-3,1,0,0,0,1,0,0,0,0,0,0,41,0,1,0,0,0,0,0,0,0,1,0,0,0,0,0,0,0,0,1,1,0,0,0,0,0,0,0,0,0,2,0,0,1,1,1,0,0,0,0,20,9,6,3,0,1,0,2,0,1,0,0,0,0,0,0,0,0,0,0,0,0,4,7,1,19,3,1,0,0,2,0,2,0,6
0,0,0,0,0,0,0,1,0,0,0,0,0,191,13,1,0,2,1,0,0,0,0,1,0,0,1,0,0,1,23,0,0,0,0,0,0,0,0,0,0,0,0,0,0,0,0,0,1,0,0,0,0,0,0,0,0,0,0,0,2,0,0,1,1,1,0,0,0,0,20,9,6,3,0,1,0,2,0,1,0,0,0,0,0,0,0,0,0,0,0,0,4,7,1,19,3,1,0,0,2,0,2,0,6
1,0,0,0,1,0,0,0,1,0,0,0,0,192,14,0,0,5,0,0,0,0,1,0,0,0,0,0,0,0,44,0,0,0,0,0,0,1,0,0,0,0,0,0,0,0,0,0,1,3,1,0,0,1,0,0,1,0,0,1,5,0,0,0,0,1,2,0,0,0,16,8,7,1,0,0,0,2,0,0,0,0,0,1,0,0,0,0,0,0,0,0,3,7,2,18,2,1,0,0,3,0,0,0,0
